row_id,beneficiary_id,n_payments,mean_amount,income,total_amount,amount_to_income,anomaly_score,is_flagged
2,BEN-000002,6,8333.333333333334,20000.0,50000.0,0.4166666666666667,0.4819664007277956,False
3,BEN-000003,4,7125.0,12000.0,28500.0,0.59375,0.5126499871789777,False
6,BEN-000006,5,6400.0,20000.0,32000.0,0.32,0.4885567192427497,False
8,BEN-000008,5,7600.0,12000.0,38000.0,0.6333333333333333,0.42745141384295837,False
9,BEN-000009,6,6833.333333333333,20000.0,41000.0,0.3416666666666667,0.43678032518930676,False
10,BEN-000010,6,6666.666666666667,15000.0,40000.0,0.4444444444444445,0.42410222810459125,False
12,BEN-000012,5,7300.0,12000.0,36500.0,0.6083333333333333,0.41475001868385547,False
15,BEN-000015,6,7000.0,0.0,42000.0,7.0,0.49953199854908753,False
16,BEN-000016,5,7750.0,25000.0,38750.0,0.31,0.4732332257923384,False
18,BEN-000018,6,6833.333333333333,0.0,41000.0,6.833333333333333,0.5034621553086582,False
19,BEN-000019,3,7333.333333333333,5000.0,22000.0,1.4666666666666666,0.6646997301245686,True
22,BEN-000022,6,7416.666666666667,0.0,44500.0,7.416666666666667,0.4981384740234462,False
23,BEN-000023,5,6600.0,25000.0,33000.0,0.264,0.5096543233476702,False
26,BEN-000026,5,5700.0,25000.0,28500.0,0.228,0.6001821647489815,False
27,BEN-000027,6,7500.0,15000.0,45000.0,0.5,0.4119005142784292,False
29,BEN-000029,6,6000.0,25000.0,36000.0,0.24,0.5476225106768203,False
31,BEN-000031,6,7600.0,12000.0,45600.0,0.6333333333333333,0.41707097477393557,False
36,BEN-000036,5,6600.0,25000.0,33000.0,0.264,0.5096543233476702,False
38,BEN-000038,6,7500.0,0.0,45000.0,7.5,0.5049842080267292,False
41,BEN-000041,5,9000.0,25000.0,45000.0,0.36,0.5816437278040086,False
43,BEN-000043,5,7100.0,8000.0,35500.0,0.8875,0.43131672532493953,False
45,BEN-000045,5,6700.0,12000.0,33500.0,0.5583333333333333,0.43635930956124647,False
46,BEN-000046,6,7500.0,0.0,45000.0,7.5,0.5049842080267292,False
49,BEN-000049,6,7000.0,12000.0,42000.0,0.5833333333333334,0.40427342282283896,False
50,BEN-000050,5,7500.0,12000.0,37500.0,0.625,0.4227644073099692,False
52,BEN-000052,5,5600.0,20000.0,28000.0,0.28,0.5716913977328455,False
53,BEN-000053,4,7000.0,8000.0,28000.0,0.875,0.5305037581591999,False
55,BEN-000055,5,7750.0,8000.0,38750.0,0.96875,0.44818183243549997,False
58,BEN-000058,6,7166.666666666667,25000.0,43000.0,0.2866666666666667,0.44476480688725956,False
59,BEN-000059,6,6916.666666666667,12000.0,41500.0,0.576388888888889,0.4079733186636438,False
60,BEN-000060,6,6833.333333333333,15000.0,41000.0,0.45555555555555555,0.4165639860726367,False
61,BEN-000061,6,7833.333333333333,0.0,47000.0,7.833333333333333,0.5313981394594536,False
62,BEN-000062,5,8200.0,25000.0,41000.0,0.328,0.49788388738388234,False
63,BEN-000063,5,7800.0,15000.0,39000.0,0.52,0.437134513219704,False
66,BEN-000066,5,7100.0,0.0,35500.0,7.1,0.5370751535082442,False
67,BEN-000067,6,6833.333333333333,8000.0,41000.0,0.8541666666666666,0.42597710088881346,False
68,BEN-000068,6,7666.666666666667,12000.0,46000.0,0.638888888888889,0.41826353361119567,False
69,BEN-000069,6,6916.666666666667,25000.0,41500.0,0.27666666666666667,0.4556777336727081,False
70,BEN-000070,5,7000.0,0.0,35000.0,7.0,0.5403367635786007,False
73,BEN-000073,5,7500.0,5000.0,37500.0,1.5,0.46812726430794155,False
74,BEN-000074,6,5916.666666666667,5000.0,35500.0,1.1833333333333333,0.5219917572470416,False
75,BEN-000075,6,8916.666666666666,12000.0,53500.0,0.7430555555555555,0.5449131474710146,False
80,BEN-000080,6,6916.666666666667,0.0,41500.0,6.916666666666667,0.5010318052400352,False
83,BEN-000083,6,5200.0,12000.0,31200.0,0.43333333333333335,0.5496743924731331,False
84,BEN-000084,6,6750.0,12000.0,40500.0,0.5625,0.41577902573345865,False
85,BEN-000085,6,7500.0,0.0,45000.0,7.5,0.5049842080267292,False
86,BEN-000086,6,7916.666666666667,12000.0,47500.0,0.6597222222222222,0.4304462889684012,False
89,BEN-000089,6,7416.666666666667,15000.0,44500.0,0.49444444444444446,0.4074016837132436,False
91,BEN-000091,6,6833.333333333333,0.0,41000.0,6.833333333333333,0.5034621553086582,False
96,BEN-000096,5,5700.0,25000.0,28500.0,0.228,0.6001821647489815,False
97,BEN-000097,6,7666.666666666667,15000.0,46000.0,0.5111111111111112,0.42030386002186115,False
101,BEN-000101,6,7600.0,5000.0,45600.0,1.52,0.44922390683203456,False
103,BEN-000103,6,7083.333333333333,12000.0,42500.0,0.5902777777777778,0.40405393846082466,False
104,BEN-000104,5,6800.0,25000.0,34000.0,0.272,0.488546998259088,False
106,BEN-000106,6,6500.0,15000.0,39000.0,0.43333333333333335,0.4342891856523154,False
109,BEN-000109,6,6333.333333333333,5000.0,38000.0,1.2666666666666666,0.4890468966280776,False
110,BEN-000110,5,7800.0,0.0,39000.0,7.8,0.5591434510886998,False
111,BEN-000111,5,5400.0,25000.0,27000.0,0.216,0.6119235045078549,True
115,BEN-000115,6,7833.333333333333,25000.0,47000.0,0.3133333333333333,0.4689780908144831,False
116,BEN-000116,5,7600.0,0.0,38000.0,7.6,0.5460749826577526,False
118,BEN-000118,6,7833.333333333333,0.0,47000.0,7.833333333333333,0.5313981394594536,False
119,BEN-000119,6,8333.333333333334,12000.0,50000.0,0.6944444444444445,0.46976835617990004,False
123,BEN-000123,6,6416.666666666667,25000.0,38500.0,0.25666666666666665,0.5042197856126732,False
125,BEN-000125,6,5666.666666666667,20000.0,34000.0,0.2833333333333333,0.5411942770433298,False
126,BEN-000126,5,7300.0,5000.0,36500.0,1.46,0.46163151759978116,False
128,BEN-000128,6,8833.333333333334,12000.0,53000.0,0.7361111111111112,0.536109178616208,False
129,BEN-000129,6,8250.0,20000.0,49500.0,0.4125,0.4728093211994067,False
130,BEN-000130,4,6500.0,12000.0,26000.0,0.5416666666666666,0.5465231345436595,False
131,BEN-000131,6,8700.0,0.0,52200.0,8.7,0.6325839302589359,True
132,BEN-000132,5,7000.0,12000.0,35000.0,0.5833333333333334,0.41806574812352487,False
135,BEN-000135,6,7083.333333333333,0.0,42500.0,7.083333333333333,0.5032539404610213,False
136,BEN-000136,6,7666.666666666667,5000.0,46000.0,1.5333333333333334,0.4500942050405896,False
137,BEN-000137,6,6833.333333333333,25000.0,41000.0,0.2733333333333333,0.46187588284719283,False
138,BEN-000138,5,8800.0,8000.0,44000.0,1.1,0.5274716075444176,False
139,BEN-000139,5,5800.0,15000.0,29000.0,0.38666666666666666,0.5289189970243467,False
140,BEN-000140,4,8375.0,12000.0,33500.0,0.6979166666666666,0.5501708323154074,False
141,BEN-000141,5,6600.0,8000.0,33000.0,0.825,0.45402979708631297,False
143,BEN-000143,5,7500.0,12000.0,37500.0,0.625,0.4227644073099692,False
144,BEN-000144,6,6583.333333333333,0.0,39500.0,6.583333333333333,0.524624894090196,False
145,BEN-000145,6,7416.666666666667,5000.0,44500.0,1.4833333333333334,0.4405125013479692,False
146,BEN-000146,4,6250.0,20000.0,25000.0,0.3125,0.5933582439114238,False
148,BEN-000148,5,6800.0,15000.0,34000.0,0.4533333333333333,0.4402457266257802,False
151,BEN-000151,6,7583.333333333333,8000.0,45500.0,0.9479166666666666,0.42867070565486703,False
152,BEN-000152,6,6000.0,20000.0,36000.0,0.3,0.5052757909827092,False
153,BEN-000153,6,6083.333333333333,25000.0,36500.0,0.24333333333333332,0.536729653653617,False
156,BEN-000156,5,6400.0,0.0,32000.0,6.4,0.5807929411788565,False
157,BEN-000157,5,7200.0,20000.0,36000.0,0.36,0.4454118436552975,False
160,BEN-000160,5,6400.0,15000.0,32000.0,0.4266666666666667,0.4636637615106712,False
161,BEN-000161,5,7000.0,15000.0,35000.0,0.4666666666666667,0.4281312680943819,False
163,BEN-000163,6,7250.0,25000.0,43500.0,0.29,0.4431079978007452,False
165,BEN-000165,6,6916.666666666667,12000.0,41500.0,0.576388888888889,0.4079733186636438,False
166,BEN-000166,6,7916.666666666667,20000.0,47500.0,0.39583333333333337,0.4465673291275192,False
167,BEN-000167,6,6916.666666666667,0.0,41500.0,6.916666666666667,0.5010318052400352,False
172,BEN-000172,5,8300.0,8000.0,41500.0,1.0375,0.4833837452915652,False
176,BEN-000176,5,7100.0,25000.0,35500.0,0.284,0.4716707816284862,False
177,BEN-000177,6,8083.333333333333,0.0,48500.0,8.083333333333332,0.5580103868633044,False
178,BEN-000178,6,7250.0,5000.0,43500.0,1.45,0.4363246041627491,False
179,BEN-000179,7,8000.0,0.0,56000.0,8.0,0.6470167754674564,True
180,BEN-000180,6,7416.666666666667,12000.0,44500.0,0.6180555555555556,0.4089725322916821,False
185,BEN-000185,4,7125.0,8000.0,28500.0,0.890625,0.5232499418765512,False
188,BEN-000188,4,7833.333333333333,20000.0,31333.333333333332,0.39166666666666666,0.5457624293022771,False
189,BEN-000189,6,7416.666666666667,12000.0,44500.0,0.6180555555555556,0.4089725322916821,False
193,BEN-000193,6,7166.666666666667,8000.0,43000.0,0.8958333333333334,0.4180836481624833,False
196,BEN-000196,5,7100.0,0.0,35500.0,7.1,0.5370751535082442,False
200,BEN-000200,6,8166.666666666667,5000.0,49000.0,1.6333333333333333,0.4842889068252078,False
202,BEN-000202,5,8300.0,20000.0,41500.0,0.415,0.4825031359693279,False
203,BEN-000203,5,7300.0,25000.0,36500.0,0.292,0.47220770336561596,False
204,BEN-000204,4,7375.0,12000.0,29500.0,0.6145833333333334,0.5098349711230027,False
207,BEN-000207,6,5583.333333333333,15000.0,33500.0,0.3722222222222222,0.5306592097531345,False
208,BEN-000208,6,6833.333333333333,0.0,41000.0,6.833333333333333,0.5034621553086582,False
210,BEN-000210,6,6583.333333333333,15000.0,39500.0,0.4388888888888889,0.42998586023902674,False
212,BEN-000212,6,7700.0,0.0,46200.0,7.7,0.5212833437566549,False
213,BEN-000213,6,6000.0,5000.0,36000.0,1.2,0.5162412347381283,False
215,BEN-000215,6,6666.666666666667,12000.0,40000.0,0.5555555555555556,0.4154580577756046,False
216,BEN-000216,5,6800.0,12000.0,34000.0,0.5666666666666667,0.4293109467992621,False
220,BEN-000220,6,7083.333333333333,20000.0,42500.0,0.35416666666666663,0.425693716604046,False
223,BEN-000223,5,7100.0,15000.0,35500.0,0.47333333333333333,0.4273104331452373,False
224,BEN-000224,5,7600.0,15000.0,38000.0,0.5066666666666667,0.4349160336592739,False
225,BEN-000225,6,6916.666666666667,15000.0,41500.0,0.46111111111111114,0.4150233608965474,False
228,BEN-000228,6,8000.0,8000.0,48000.0,1.0,0.4500413082275428,False
230,BEN-000230,5,7400.0,20000.0,37000.0,0.37,0.4477361296178515,False
232,BEN-000232,5,7100.0,12000.0,35500.0,0.5916666666666667,0.4152815197192949,False
233,BEN-000233,4,7750.0,25000.0,31000.0,0.31,0.5599544203400715,False
235,BEN-000235,5,6700.0,8000.0,33500.0,0.8375,0.446188188169255,False
237,BEN-000237,6,8500.0,8000.0,51000.0,1.0625,0.4970159803938364,False
240,BEN-000240,6,7500.0,15000.0,45000.0,0.5,0.4119005142784292,False
241,BEN-000241,4,6750.0,8000.0,27000.0,0.84375,0.5393044348255123,False
242,BEN-000242,6,6416.666666666667,15000.0,38500.0,0.4277777777777778,0.4382451704065815,False
245,BEN-000245,5,7800.0,20000.0,39000.0,0.39,0.4529329414672538,False
248,BEN-000248,5,8000.0,15000.0,40000.0,0.5333333333333333,0.4474495353499918,False
249,BEN-000249,6,7750.0,0.0,46500.0,7.75,0.5249553998896437,False
254,BEN-000254,6,8416.666666666666,8000.0,50500.0,1.0520833333333333,0.49084837277285576,False
257,BEN-000257,6,7666.666666666667,8000.0,46000.0,0.9583333333333334,0.43070457535883455,False
258,BEN-000258,6,7500.0,15000.0,45000.0,0.5,0.4119005142784292,False
259,BEN-000259,5,7200.0,12000.0,36000.0,0.6,0.4134058793107152,False
260,BEN-000260,5,7700.0,25000.0,38500.0,0.308,0.47398563689033624,False
262,BEN-000262,4,6000.0,25000.0,24000.0,0.24,0.6385179325162348,True
264,BEN-000264,5,8600.0,12000.0,43000.0,0.7166666666666667,0.4900313485511472,False
265,BEN-000265,6,8000.0,15000.0,48000.0,0.5333333333333333,0.4377274688223761,False
266,BEN-000266,6,7833.333333333333,0.0,47000.0,7.833333333333333,0.5313981394594536,False
268,BEN-000268,6,7833.333333333333,0.0,47000.0,7.833333333333333,0.5313981394594536,False
271,BEN-000271,6,7250.0,25000.0,43500.0,0.29,0.4431079978007452,False
276,BEN-000276,4,7625.0,5000.0,30500.0,1.525,0.5558703042973603,False
277,BEN-000277,5,6600.0,8000.0,33000.0,0.825,0.45402979708631297,False
279,BEN-000279,6,6583.333333333333,12000.0,39500.0,0.548611111111111,0.4192472104853289,False
280,BEN-000280,6,7000.0,25000.0,42000.0,0.28,0.44966865686961016,False
283,BEN-000283,6,7250.0,12000.0,43500.0,0.6041666666666666,0.40348911015316136,False
286,BEN-000286,5,8000.0,5000.0,40000.0,1.6,0.49120132051159243,False
287,BEN-000287,5,7300.0,5000.0,36500.0,1.46,0.46163151759978116,False
288,BEN-000288,6,7250.0,8000.0,43500.0,0.90625,0.4178999787288532,False
289,BEN-000289,6,7833.333333333333,12000.0,47000.0,0.6527777777777778,0.42515396698130953,False
290,BEN-000290,4,7500.0,8000.0,30000.0,0.9375,0.5204363529081811,False
291,BEN-000291,6,7250.0,15000.0,43500.0,0.48333333333333334,0.40437264834463044,False
292,BEN-000292,6,7000.0,5000.0,42000.0,1.4,0.446252410796028,False
294,BEN-000294,5,7400.0,25000.0,37000.0,0.296,0.47321597876348437,False
295,BEN-000295,6,7750.0,8000.0,46500.0,0.96875,0.43302564881072286,False
301,BEN-000301,4,7125.0,8000.0,28500.0,0.890625,0.5232499418765512,False
302,BEN-000302,6,7250.0,12000.0,43500.0,0.6041666666666666,0.40348911015316136,False
303,BEN-000303,6,7916.666666666667,20000.0,47500.0,0.39583333333333337,0.4465673291275192,False
306,BEN-000306,6,5750.0,20000.0,34500.0,0.2875,0.5340360703608382,False
308,BEN-000308,5,6800.0,15000.0,34000.0,0.4533333333333333,0.4402457266257802,False
310,BEN-000310,6,7800.0,12000.0,46800.0,0.65,0.42211691245551236,False
312,BEN-000312,4,8250.0,12000.0,33000.0,0.6875,0.5432253810112885,False
313,BEN-000313,6,8000.0,0.0,48000.0,8.0,0.5467249405094353,False
315,BEN-000315,6,7833.333333333333,12000.0,47000.0,0.6527777777777778,0.42515396698130953,False
316,BEN-000316,6,7166.666666666667,5000.0,43000.0,1.4333333333333333,0.4407952645432852,False
318,BEN-000318,6,8083.333333333333,8000.0,48500.0,1.0104166666666665,0.4589835121106091,False
319,BEN-000319,5,7200.0,15000.0,36000.0,0.48,0.4235418833812642,False
320,BEN-000320,6,8416.666666666666,0.0,50500.0,8.416666666666666,0.5950565233851196,False
322,BEN-000322,6,8333.333333333334,0.0,50000.0,8.333333333333334,0.5853096902989801,False
323,BEN-000323,5,8400.0,12000.0,42000.0,0.7,0.4754299171441264,False
324,BEN-000324,6,7666.666666666667,15000.0,46000.0,0.5111111111111112,0.42030386002186115,False
325,BEN-000325,5,8100.0,0.0,40500.0,8.1,0.5842244501326309,False
328,BEN-000328,4,8250.0,5000.0,33000.0,1.65,0.5811459185931652,False
329,BEN-000329,6,7333.333333333333,25000.0,44000.0,0.29333333333333333,0.44446790144816445,False
332,BEN-000332,6,7833.333333333333,15000.0,47000.0,0.5222222222222223,0.42719158098602295,False
333,BEN-000333,6,7300.0,25000.0,43800.0,0.292,0.44260969467615174,False
335,BEN-000335,6,8250.0,8000.0,49500.0,1.03125,0.4789658394396086,False
337,BEN-000337,5,8700.0,15000.0,43500.0,0.58,0.5031150556173241,False
338,BEN-000338,6,6416.666666666667,8000.0,38500.0,0.8020833333333334,0.45096681114106235,False
340,BEN-000340,6,6833.333333333333,0.0,41000.0,6.833333333333333,0.5034621553086582,False
341,BEN-000341,5,7600.0,12000.0,38000.0,0.6333333333333333,0.42745141384295837,False
343,BEN-000343,6,8416.666666666666,5000.0,50500.0,1.6833333333333331,0.5141261768159512,False
344,BEN-000344,4,7166.666666666667,15000.0,28666.666666666668,0.4777777777777778,0.5228934233617158,False
355,BEN-000355,4,6875.0,12000.0,27500.0,0.5729166666666666,0.5266184010027204,False
357,BEN-000357,4,7875.0,20000.0,31500.0,0.39375,0.5453795852602457,False
358,BEN-000358,5,7700.0,25000.0,38500.0,0.308,0.47398563689033624,False
359,BEN-000359,4,7250.0,8000.0,29000.0,0.90625,0.5218046527695962,False
365,BEN-000365,6,6666.666666666667,0.0,40000.0,6.666666666666667,0.5165359548748999,False
366,BEN-000366,6,6833.333333333333,12000.0,41000.0,0.5694444444444444,0.40927566652395114,False
367,BEN-000367,6,7333.333333333333,25000.0,44000.0,0.29333333333333333,0.44446790144816445,False
369,BEN-000369,6,7666.666666666667,8000.0,46000.0,0.9583333333333334,0.43070457535883455,False
370,BEN-000370,5,7800.0,12000.0,39000.0,0.65,0.4322718669614045,False
371,BEN-000371,6,6500.0,15000.0,39000.0,0.43333333333333335,0.4342891856523154,False
373,BEN-000373,5,7000.0,15000.0,35000.0,0.4666666666666667,0.4281312680943819,False
375,BEN-000375,6,7000.0,8000.0,42000.0,0.875,0.421200081245371,False
376,BEN-000376,4,6125.0,8000.0,24500.0,0.765625,0.5900764536656082,False
377,BEN-000377,6,7666.666666666667,25000.0,46000.0,0.3066666666666667,0.45423809162154843,False
380,BEN-000380,6,6250.0,25000.0,37500.0,0.25,0.5235623030177846,False
381,BEN-000381,6,7916.666666666667,12000.0,47500.0,0.6597222222222222,0.4304462889684012,False
382,BEN-000382,3,6833.333333333333,5000.0,20500.0,1.3666666666666667,0.6718898836438123,True
384,BEN-000384,6,7916.666666666667,0.0,47500.0,7.916666666666667,0.5402768790584213,False
385,BEN-000385,5,6500.0,0.0,32500.0,6.5,0.5732354661150855,False
386,BEN-000386,6,8100.0,15000.0,48600.0,0.54,0.44663400038848344,False
387,BEN-000387,6,7250.0,15000.0,43500.0,0.48333333333333334,0.40437264834463044,False
393,BEN-000393,5,7600.0,8000.0,38000.0,0.95,0.44511496153566876,False
395,BEN-000395,5,6100.0,15000.0,30500.0,0.4066666666666667,0.4985545600411056,False
398,BEN-000398,4,7666.666666666667,20000.0,30666.666666666668,0.38333333333333336,0.5444657717116459,False
399,BEN-000399,6,7166.666666666667,20000.0,43000.0,0.35833333333333334,0.42430872113656887,False
400,BEN-000400,6,7400.0,0.0,44400.0,7.4,0.4975122493019127,False
401,BEN-000401,6,7000.0,0.0,42000.0,7.0,0.49953199854908753,False
402,BEN-000402,6,7800.0,25000.0,46800.0,0.312,0.4647090069078089,False
403,BEN-000403,5,8800.0,12000.0,44000.0,0.7333333333333333,0.5157928055218067,False
404,BEN-000404,4,7750.0,12000.0,31000.0,0.6458333333333334,0.5156017242685877,False
405,BEN-000405,6,7333.333333333333,8000.0,44000.0,0.9166666666666666,0.42122345717665527,False
406,BEN-000406,6,6833.333333333333,12000.0,41000.0,0.5694444444444444,0.40927566652395114,False
407,BEN-000407,5,8400.0,8000.0,42000.0,1.05,0.4926784712134687,False
408,BEN-000408,6,6916.666666666667,25000.0,41500.0,0.27666666666666667,0.4556777336727081,False
409,BEN-000409,6,8250.0,20000.0,49500.0,0.4125,0.4728093211994067,False
410,BEN-000410,5,6800.0,8000.0,34000.0,0.85,0.4421892783990404,False
411,BEN-000411,6,6750.0,5000.0,40500.0,1.35,0.4586137019347071,False
412,BEN-000412,5,6800.0,8000.0,34000.0,0.85,0.4421892783990404,False
413,BEN-000413,5,7500.0,25000.0,37500.0,0.3,0.4732730175251475,False
416,BEN-000416,6,6250.0,12000.0,37500.0,0.5208333333333334,0.45057949549481213,False
419,BEN-000419,6,8000.0,5000.0,48000.0,1.6,0.47010411436696675,False
420,BEN-000420,5,5900.0,20000.0,29500.0,0.295,0.5379313173135477,False
421,BEN-000421,5,7000.0,12000.0,35000.0,0.5833333333333334,0.41806574812352487,False
423,BEN-000423,6,8000.0,12000.0,48000.0,0.6666666666666666,0.4369191000665728,False
425,BEN-000425,5,7400.0,12000.0,37000.0,0.6166666666666667,0.4173940797277093,False
427,BEN-000427,4,6000.0,12000.0,24000.0,0.5,0.5842462774952627,False
428,BEN-000428,6,7666.666666666667,12000.0,46000.0,0.638888888888889,0.41826353361119567,False
432,BEN-000432,5,6500.0,5000.0,32500.0,1.3,0.48647911297060953,False
433,BEN-000433,6,8166.666666666667,12000.0,49000.0,0.6805555555555556,0.45185329680144437,False
435,BEN-000435,6,7166.666666666667,20000.0,43000.0,0.35833333333333334,0.42430872113656887,False
436,BEN-000436,6,7416.666666666667,15000.0,44500.0,0.49444444444444446,0.4074016837132436,False
437,BEN-000437,6,7750.0,8000.0,46500.0,0.96875,0.43302564881072286,False
438,BEN-000438,4,6875.0,12000.0,27500.0,0.5729166666666666,0.5266184010027204,False
439,BEN-000439,6,6000.0,25000.0,36000.0,0.24,0.5476225106768203,False
441,BEN-000441,5,7300.0,0.0,36500.0,7.3,0.541735628629666,False
444,BEN-000444,6,6833.333333333333,0.0,41000.0,6.833333333333333,0.5034621553086582,False
448,BEN-000448,5,7400.0,0.0,37000.0,7.4,0.5454479262933691,False
451,BEN-000451,5,7400.0,12000.0,37000.0,0.6166666666666667,0.4173940797277093,False
454,BEN-000454,6,6166.666666666667,5000.0,37000.0,1.2333333333333334,0.503234288376343,False
455,BEN-000455,6,8833.333333333334,15000.0,53000.0,0.5888888888888889,0.5445368657373535,False
457,BEN-000457,6,7583.333333333333,12000.0,45500.0,0.6319444444444444,0.4160499050760776,False
459,BEN-000459,6,7000.0,12000.0,42000.0,0.5833333333333334,0.40427342282283896,False
460,BEN-000460,6,7625.0,12000.0,45750.0,0.6354166666666666,0.41744882816393836,False
461,BEN-000461,6,7250.0,12000.0,43500.0,0.6041666666666666,0.40348911015316136,False
463,BEN-000463,5,7200.0,12000.0,36000.0,0.6,0.4134058793107152,False
465,BEN-000465,6,7666.666666666667,20000.0,46000.0,0.38333333333333336,0.4350890415164608,False
466,BEN-000466,5,7200.0,12000.0,36000.0,0.6,0.4134058793107152,False
467,BEN-000467,6,8000.0,0.0,48000.0,8.0,0.5467249405094353,False
468,BEN-000468,5,7625.0,15000.0,38125.0,0.5083333333333333,0.43457491929861025,False
470,BEN-000470,6,6750.0,5000.0,40500.0,1.35,0.4586137019347071,False
472,BEN-000472,5,6800.0,0.0,34000.0,6.8,0.5511926356686022,False
474,BEN-000474,5,8100.0,15000.0,40500.0,0.54,0.4553621261733621,False
478,BEN-000478,6,7833.333333333333,15000.0,47000.0,0.5222222222222223,0.42719158098602295,False
479,BEN-000479,6,8666.666666666666,5000.0,52000.0,1.7333333333333332,0.5477124007763146,False
483,BEN-000483,6,8916.666666666666,0.0,53500.0,8.916666666666666,0.6571934280513674,True
484,BEN-000484,5,7200.0,20000.0,36000.0,0.36,0.4454118436552975,False
490,BEN-000490,4,6750.0,25000.0,27000.0,0.27,0.587181592185773,False
491,BEN-000491,6,8083.333333333333,12000.0,48500.0,0.673611111111111,0.44428928818675534,False
492,BEN-000492,4,8750.0,25000.0,35000.0,0.35,0.6091228018608634,True
493,BEN-000493,6,8083.333333333333,25000.0,48500.0,0.3233333333333333,0.49083177633552044,False
494,BEN-000494,5,7300.0,8000.0,36500.0,0.9125,0.43196257100393354,False
496,BEN-000496,5,7000.0,25000.0,35000.0,0.28,0.4735747231491086,False
498,BEN-000498,5,7400.0,15000.0,37000.0,0.49333333333333335,0.4247620831090618,False
500,BEN-000500,6,6700.0,8000.0,40200.0,0.8375,0.4296270842139065,False
501,BEN-000501,6,7916.666666666667,20000.0,47500.0,0.39583333333333337,0.4465673291275192,False
505,BEN-000505,6,8500.0,25000.0,51000.0,0.34,0.5313912719435413,False
506,BEN-000506,6,7000.0,25000.0,42000.0,0.28,0.44966865686961016,False
512,BEN-000512,6,7916.666666666667,12000.0,47500.0,0.6597222222222222,0.4304462889684012,False
514,BEN-000514,6,6800.0,15000.0,40800.0,0.4533333333333333,0.4199934153539962,False
516,BEN-000516,6,6666.666666666667,25000.0,40000.0,0.26666666666666666,0.47817892025451136,False
518,BEN-000518,6,7083.333333333333,25000.0,42500.0,0.2833333333333333,0.4467954538042788,False
519,BEN-000519,5,7375.0,25000.0,36875.0,0.295,0.47252904443222543,False
521,BEN-000521,6,6000.0,25000.0,36000.0,0.24,0.5476225106768203,False
522,BEN-000522,4,7750.0,12000.0,31000.0,0.6458333333333334,0.5156017242685877,False
524,BEN-000524,5,7400.0,15000.0,37000.0,0.49333333333333335,0.4247620831090618,False
525,BEN-000525,6,7833.333333333333,0.0,47000.0,7.833333333333333,0.5313981394594536,False
528,BEN-000528,7,7785.714285714285,0.0,54500.0,7.785714285714286,0.6354077449141026,True
532,BEN-000532,6,7000.0,15000.0,42000.0,0.4666666666666667,0.4107070449744196,False
536,BEN-000536,6,7750.0,5000.0,46500.0,1.55,0.4529538178323627,False
537,BEN-000537,6,8083.333333333333,8000.0,48500.0,1.0104166666666665,0.4589835121106091,False
538,BEN-000538,6,7666.666666666667,15000.0,46000.0,0.5111111111111112,0.42030386002186115,False
541,BEN-000541,6,7916.666666666667,15000.0,47500.0,0.5277777777777778,0.43261365428474324,False
542,BEN-000542,4,7125.0,8000.0,28500.0,0.890625,0.5232499418765512,False
545,BEN-000545,6,6833.333333333333,20000.0,41000.0,0.3416666666666667,0.43678032518930676,False
546,BEN-000546,6,7750.0,20000.0,46500.0,0.3875,0.4396754891280174,False
548,BEN-000548,6,6900.0,25000.0,41400.0,0.276,0.45739658198356486,False
552,BEN-000552,6,7900.0,25000.0,47400.0,0.316,0.4745717611470547,False
554,BEN-000554,6,7500.0,5000.0,45000.0,1.5,0.4470976360203204,False
557,BEN-000557,6,7666.666666666667,5000.0,46000.0,1.5333333333333334,0.4500942050405896,False
559,BEN-000559,6,6750.0,20000.0,40500.0,0.3375,0.4438382790978773,False
560,BEN-000560,6,8500.0,0.0,51000.0,8.5,0.6015642015568502,True
561,BEN-000561,6,7083.333333333333,25000.0,42500.0,0.2833333333333333,0.4467954538042788,False
562,BEN-000562,6,7800.0,12000.0,46800.0,0.65,0.42211691245551236,False
563,BEN-000563,6,6416.666666666667,8000.0,38500.0,0.8020833333333334,0.45096681114106235,False
564,BEN-000564,4,6250.0,0.0,25000.0,6.25,0.6605048242931715,True
567,BEN-000567,6,7166.666666666667,12000.0,43000.0,0.5972222222222222,0.40173336953596217,False
570,BEN-000570,6,6833.333333333333,12000.0,41000.0,0.5694444444444444,0.40927566652395114,False
573,BEN-000573,6,7583.333333333333,0.0,45500.0,7.583333333333333,0.5139417330673225,False
574,BEN-000574,7,8214.285714285714,5000.0,57500.0,1.6428571428571428,0.6103154462870947,True
576,BEN-000576,6,8416.666666666666,15000.0,50500.0,0.5611111111111111,0.48414629000101206,False
577,BEN-000577,5,6900.0,15000.0,34500.0,0.46,0.43581937038565766,False
580,BEN-000580,6,8083.333333333333,12000.0,48500.0,0.673611111111111,0.44428928818675534,False
582,BEN-000582,6,6916.666666666667,0.0,41500.0,6.916666666666667,0.5010318052400352,False
584,BEN-000584,6,6916.666666666667,15000.0,41500.0,0.46111111111111114,0.4150233608965474,False
585,BEN-000585,5,6200.0,15000.0,31000.0,0.41333333333333333,0.4884348557632566,False
588,BEN-000588,6,6500.0,0.0,39000.0,6.5,0.5280884576797203,False
589,BEN-000589,6,7250.0,25000.0,43500.0,0.29,0.4431079978007452,False
591,BEN-000591,6,9000.0,25000.0,54000.0,0.36,0.5969251685931679,False
593,BEN-000593,5,8600.0,12000.0,43000.0,0.7166666666666667,0.4900313485511472,False
594,BEN-000594,5,8100.0,0.0,40500.0,8.1,0.5842244501326309,False
597,BEN-000597,5,9100.0,0.0,45500.0,9.1,0.6704238286370772,True
603,BEN-000603,4,6125.0,25000.0,24500.0,0.245,0.6320168243898985,True
604,BEN-000604,3,8000.0,15000.0,24000.0,0.5333333333333333,0.6423408495006014,True
605,BEN-000605,5,6000.0,20000.0,30000.0,0.3,0.5277905657966181,False
607,BEN-000607,6,6600.0,20000.0,39600.0,0.33,0.45242110687791504,False
608,BEN-000608,7,7500.0,5000.0,52500.0,1.5,0.5692115227171253,False
609,BEN-000609,6,7583.333333333333,0.0,45500.0,7.583333333333333,0.5139417330673225,False
610,BEN-000610,6,6500.0,12000.0,39000.0,0.5416666666666666,0.42662178133339135,False
612,BEN-000612,6,7916.666666666667,12000.0,47500.0,0.6597222222222222,0.4304462889684012,False
614,BEN-000614,5,8000.0,12000.0,40000.0,0.6666666666666666,0.4448411095680717,False
615,BEN-000615,4,7625.0,20000.0,30500.0,0.38125,0.5447261087327044,False
616,BEN-000616,6,7000.0,5000.0,42000.0,1.4,0.446252410796028,False
617,BEN-000617,4,7500.0,0.0,30000.0,7.5,0.627873820060814,True
618,BEN-000618,6,7000.0,12000.0,42000.0,0.5833333333333334,0.40427342282283896,False
619,BEN-000619,6,7083.333333333333,5000.0,42500.0,1.4166666666666665,0.4427695234653637,False
620,BEN-000620,5,7100.0,5000.0,35500.0,1.42,0.45742148502293734,False
625,BEN-000625,5,7600.0,0.0,38000.0,7.6,0.5460749826577526,False
627,BEN-000627,6,8916.666666666666,15000.0,53500.0,0.5944444444444444,0.556535945290775,False
629,BEN-000629,5,8000.0,20000.0,40000.0,0.4,0.46581108016345074,False
632,BEN-000632,5,7000.0,5000.0,35000.0,1.4,0.45879564436945247,False
633,BEN-000633,4,7875.0,12000.0,31500.0,0.65625,0.5179745407796379,False
635,BEN-000635,5,8750.0,12000.0,43750.0,0.7291666666666666,0.5086121575850752,False
638,BEN-000638,6,7250.0,15000.0,43500.0,0.48333333333333334,0.40437264834463044,False
639,BEN-000639,6,6833.333333333333,0.0,41000.0,6.833333333333333,0.5034621553086582,False
642,BEN-000642,4,9000.0,15000.0,36000.0,0.6,0.5945580633469196,False
644,BEN-000644,5,7700.0,12000.0,38500.0,0.6416666666666667,0.4283431948729701,False
646,BEN-000646,6,8250.0,8000.0,49500.0,1.03125,0.4789658394396086,False
647,BEN-000647,5,6200.0,0.0,31000.0,6.2,0.600776841000449,False
649,BEN-000649,5,6500.0,5000.0,32500.0,1.3,0.48647911297060953,False
650,BEN-000650,6,8166.666666666667,20000.0,49000.0,0.4083333333333333,0.46495258305805265,False
651,BEN-000651,5,9000.0,12000.0,45000.0,0.75,0.5360385495376065,False
653,BEN-000653,5,8000.0,25000.0,40000.0,0.32,0.48648742142382084,False
654,BEN-000654,5,8700.0,0.0,43500.0,8.7,0.642444448747295,True
656,BEN-000656,6,6833.333333333333,25000.0,41000.0,0.2733333333333333,0.46187588284719283,False
658,BEN-000658,5,7600.0,8000.0,38000.0,0.95,0.44511496153566876,False
659,BEN-000659,5,7200.0,0.0,36000.0,7.2,0.5396022175979002,False
661,BEN-000661,6,7916.666666666667,0.0,47500.0,7.916666666666667,0.5402768790584213,False
662,BEN-000662,6,7700.0,8000.0,46200.0,0.9625,0.43227664234600777,False
663,BEN-000663,6,7333.333333333333,0.0,44000.0,7.333333333333333,0.49684475640385023,False
664,BEN-000664,5,7100.0,20000.0,35500.0,0.355,0.4470538662076461,False
666,BEN-000666,5,6900.0,0.0,34500.0,6.9,0.5460357971401621,False
668,BEN-000668,5,7500.0,25000.0,37500.0,0.3,0.4732730175251475,False
669,BEN-000669,7,8714.285714285714,8000.0,61000.0,1.0892857142857142,0.6348820721820481,True
671,BEN-000671,6,6416.666666666667,0.0,38500.0,6.416666666666667,0.5371498395042439,False
672,BEN-000672,6,6416.666666666667,8000.0,38500.0,0.8020833333333334,0.45096681114106235,False
673,BEN-000673,6,7666.666666666667,25000.0,46000.0,0.3066666666666667,0.45423809162154843,False
674,BEN-000674,6,7625.0,20000.0,45750.0,0.38125,0.43296393383918064,False
676,BEN-000676,4,7875.0,20000.0,31500.0,0.39375,0.5453795852602457,False
677,BEN-000677,6,6666.666666666667,15000.0,40000.0,0.4444444444444445,0.42410222810459125,False
680,BEN-000680,6,7083.333333333333,0.0,42500.0,7.083333333333333,0.5032539404610213,False
681,BEN-000681,5,7875.0,25000.0,39375.0,0.315,0.47819025507950447,False
682,BEN-000682,6,7833.333333333333,0.0,47000.0,7.833333333333333,0.5313981394594536,False
683,BEN-000683,5,8875.0,15000.0,44375.0,0.5916666666666667,0.527359594765697,False
684,BEN-000684,6,7750.0,12000.0,46500.0,0.6458333333333334,0.4222568366341969,False
686,BEN-000686,5,6800.0,0.0,34000.0,6.8,0.5511926356686022,False
687,BEN-000687,3,6166.666666666667,5000.0,18500.0,1.2333333333333334,0.6881480792718466,True
688,BEN-000688,5,7900.0,25000.0,39500.0,0.316,0.4801006482888235,False
690,BEN-000690,5,8600.0,0.0,43000.0,8.6,0.6287880305851546,True
691,BEN-000691,5,5600.0,12000.0,28000.0,0.4666666666666667,0.5385105916012852,False
693,BEN-000693,6,7500.0,20000.0,45000.0,0.375,0.4290307548788125,False
694,BEN-000694,5,8600.0,20000.0,43000.0,0.43,0.5098230884155966,False
695,BEN-000695,6,7333.333333333333,12000.0,44000.0,0.611111111111111,0.4067260215275148,False
696,BEN-000696,5,7400.0,15000.0,37000.0,0.49333333333333335,0.4247620831090618,False
700,BEN-000700,4,5666.666666666667,12000.0,22666.666666666668,0.47222222222222227,0.6066822689419452,True
701,BEN-000701,5,8200.0,25000.0,41000.0,0.328,0.49788388738388234,False
702,BEN-000702,7,8071.428571428572,8000.0,56500.0,1.0089285714285714,0.5920015562400655,False
703,BEN-000703,5,7100.0,8000.0,35500.0,0.8875,0.43131672532493953,False
708,BEN-000708,6,7583.333333333333,8000.0,45500.0,0.9479166666666666,0.42867070565486703,False
709,BEN-000709,6,7000.0,25000.0,42000.0,0.28,0.44966865686961016,False
711,BEN-000711,5,6000.0,8000.0,30000.0,0.75,0.5094350895169178,False
713,BEN-000713,6,7583.333333333333,5000.0,45500.0,1.5166666666666666,0.4490812783808523,False
715,BEN-000715,6,7500.0,15000.0,45000.0,0.5,0.4119005142784292,False
717,BEN-000717,6,7750.0,25000.0,46500.0,0.31,0.4615567786804201,False
719,BEN-000719,4,7750.0,5000.0,31000.0,1.55,0.5581093271055853,False
720,BEN-000720,5,6800.0,8000.0,34000.0,0.85,0.4421892783990404,False
721,BEN-000721,5,7500.0,8000.0,37500.0,0.9375,0.43901899347869916,False
723,BEN-000723,6,6916.666666666667,20000.0,41500.0,0.3458333333333333,0.43298706922799546,False
724,BEN-000724,6,7500.0,5000.0,45000.0,1.5,0.4470976360203204,False
726,BEN-000726,5,7300.0,20000.0,36500.0,0.365,0.4482162303441208,False
727,BEN-000727,4,5250.0,8000.0,21000.0,0.65625,0.628201631362585,True
728,BEN-000728,6,8333.333333333334,12000.0,50000.0,0.6944444444444445,0.46976835617990004,False
730,BEN-000730,4,8500.0,0.0,34000.0,8.5,0.6695122043983897,True
732,BEN-000732,6,6916.666666666667,8000.0,41500.0,0.8645833333333334,0.42374081596835644,False
733,BEN-000733,6,5000.0,8000.0,30000.0,0.625,0.5631214717493392,False
734,BEN-000734,6,7833.333333333333,15000.0,47000.0,0.5222222222222223,0.42719158098602295,False
736,BEN-000736,5,6900.0,12000.0,34500.0,0.575,0.4251451617751825,False
737,BEN-000737,6,7416.666666666667,15000.0,44500.0,0.49444444444444446,0.4074016837132436,False
738,BEN-000738,6,7083.333333333333,0.0,42500.0,7.083333333333333,0.5032539404610213,False
739,BEN-000739,6,7250.0,20000.0,43500.0,0.3625,0.4263457028701548,False
742,BEN-000742,5,8200.0,12000.0,41000.0,0.6833333333333333,0.45830873614434087,False
745,BEN-000745,6,8833.333333333334,12000.0,53000.0,0.7361111111111112,0.536109178616208,False
746,BEN-000746,5,7700.0,0.0,38500.0,7.7,0.5507356056688131,False
749,BEN-000749,6,6833.333333333333,12000.0,41000.0,0.5694444444444444,0.40927566652395114,False
750,BEN-000750,6,7833.333333333333,20000.0,47000.0,0.39166666666666666,0.44310732626402916,False
752,BEN-000752,6,6666.666666666667,12000.0,40000.0,0.5555555555555556,0.4154580577756046,False
753,BEN-000753,6,5750.0,12000.0,34500.0,0.4791666666666667,0.5019429030304826,False
756,BEN-000756,6,7250.0,20000.0,43500.0,0.3625,0.4263457028701548,False
758,BEN-000758,6,8083.333333333333,12000.0,48500.0,0.673611111111111,0.44428928818675534,False
759,BEN-000759,6,6666.666666666667,0.0,40000.0,6.666666666666667,0.5165359548748999,False
760,BEN-000760,6,7000.0,5000.0,42000.0,1.4,0.446252410796028,False
762,BEN-000762,6,6500.0,20000.0,39000.0,0.325,0.4549808166847371,False
763,BEN-000763,6,9000.0,5000.0,54000.0,1.8,0.5859609703817006,False
764,BEN-000764,6,7333.333333333333,25000.0,44000.0,0.29333333333333333,0.44446790144816445,False
765,BEN-000765,5,6900.0,20000.0,34500.0,0.345,0.45163077072691465,False
766,BEN-000766,7,8071.428571428572,0.0,56500.0,8.071428571428571,0.6550621726898207,True
767,BEN-000767,6,5916.666666666667,15000.0,35500.0,0.3944444444444445,0.4939856112298042,False
769,BEN-000769,6,6416.666666666667,0.0,38500.0,6.416666666666667,0.5371498395042439,False
770,BEN-000770,5,6600.0,15000.0,33000.0,0.44,0.453615452753804,False
774,BEN-000774,6,7166.666666666667,20000.0,43000.0,0.35833333333333334,0.42430872113656887,False
775,BEN-000775,6,7166.666666666667,20000.0,43000.0,0.35833333333333334,0.42430872113656887,False
776,BEN-000776,5,6300.0,12000.0,31500.0,0.525,0.4685774904516607,False
777,BEN-000777,5,8600.0,12000.0,43000.0,0.7166666666666667,0.4900313485511472,False
778,BEN-000778,6,7000.0,8000.0,42000.0,0.875,0.421200081245371,False
779,BEN-000779,6,7800.0,12000.0,46800.0,0.65,0.42211691245551236,False
780,BEN-000780,6,7750.0,12000.0,46500.0,0.6458333333333334,0.4222568366341969,False
782,BEN-000782,5,7250.0,5000.0,36250.0,1.45,0.4609299151421428,False
783,BEN-000783,4,7500.0,15000.0,30000.0,0.5,0.5217173196378322,False
785,BEN-000785,6,9166.666666666666,5000.0,55000.0,1.8333333333333333,0.5994913197995511,False
786,BEN-000786,6,7916.666666666667,25000.0,47500.0,0.31666666666666665,0.47744746605327515,False
787,BEN-000787,6,7700.0,25000.0,46200.0,0.308,0.4579117864450891,False
789,BEN-000789,5,7000.0,5000.0,35000.0,1.4,0.45879564436945247,False
790,BEN-000790,6,6100.0,5000.0,36600.0,1.22,0.5095604868208736,False
791,BEN-000791,6,6666.666666666667,0.0,40000.0,6.666666666666667,0.5165359548748999,False
792,BEN-000792,4,7250.0,12000.0,29000.0,0.6041666666666666,0.5103766152477197,False
794,BEN-000794,6,5833.333333333333,0.0,35000.0,5.833333333333333,0.6050285494913332,True
799,BEN-000799,5,7300.0,15000.0,36500.0,0.4866666666666667,0.4248542386040857,False
801,BEN-000801,6,7583.333333333333,12000.0,45500.0,0.6319444444444444,0.4160499050760776,False
802,BEN-000802,5,6750.0,5000.0,33750.0,1.35,0.47075473296816744,False
803,BEN-000803,6,6500.0,20000.0,39000.0,0.325,0.4549808166847371,False
804,BEN-000804,5,7500.0,15000.0,37500.0,0.5,0.4296067315089946,False
806,BEN-000806,5,7200.0,5000.0,36000.0,1.44,0.45818485341656506,False
807,BEN-000807,5,7200.0,15000.0,36000.0,0.48,0.4235418833812642,False
811,BEN-000811,6,7500.0,12000.0,45000.0,0.625,0.4111577820352351,False
813,BEN-000813,5,6200.0,12000.0,31000.0,0.5166666666666667,0.4778351006307038,False
814,BEN-000814,6,7416.666666666667,5000.0,44500.0,1.4833333333333334,0.4405125013479692,False
815,BEN-000815,6,6100.0,12000.0,36600.0,0.5083333333333333,0.4605660448236674,False
816,BEN-000816,4,9000.0,20000.0,36000.0,0.45,0.6081530599671401,True
817,BEN-000817,6,7000.0,8000.0,42000.0,0.875,0.421200081245371,False
819,BEN-000819,5,6800.0,20000.0,34000.0,0.34,0.4570943282027545,False
820,BEN-000820,6,7083.333333333333,5000.0,42500.0,1.4166666666666665,0.4427695234653637,False
823,BEN-000823,6,7083.333333333333,20000.0,42500.0,0.35416666666666663,0.425693716604046,False
826,BEN-000826,6,7166.666666666667,25000.0,43000.0,0.2866666666666667,0.44476480688725956,False
827,BEN-000827,4,6625.0,5000.0,26500.0,1.325,0.574693528240904,False
828,BEN-000828,6,7166.666666666667,20000.0,43000.0,0.35833333333333334,0.42430872113656887,False
829,BEN-000829,5,6375.0,15000.0,31875.0,0.425,0.46637057039781066,False
830,BEN-000830,5,6875.0,8000.0,34375.0,0.859375,0.44010432223100626,False
833,BEN-000833,5,5800.0,20000.0,29000.0,0.29,0.5484306838004738,False
834,BEN-000834,5,9375.0,0.0,46875.0,9.375,0.6815115043907624,True
835,BEN-000835,5,8200.0,8000.0,41000.0,1.025,0.47632640699059997,False
836,BEN-000836,4,6625.0,25000.0,26500.0,0.265,0.5937045389197423,False
837,BEN-000837,6,7166.666666666667,0.0,43000.0,7.166666666666667,0.5033552624138711,False
843,BEN-000843,6,7416.666666666667,25000.0,44500.0,0.2966666666666667,0.44673503436241024,False
844,BEN-000844,6,7500.0,15000.0,45000.0,0.5,0.4119005142784292,False
845,BEN-000845,6,6666.666666666667,8000.0,40000.0,0.8333333333333334,0.43126096278501047,False
846,BEN-000846,6,8416.666666666666,20000.0,50500.0,0.4208333333333333,0.48916673349194867,False
849,BEN-000849,6,7000.0,25000.0,42000.0,0.28,0.44966865686961016,False
852,BEN-000852,5,8700.0,25000.0,43500.0,0.348,0.5472575893406565,False
854,BEN-000854,6,7666.666666666667,25000.0,46000.0,0.3066666666666667,0.45423809162154843,False
855,BEN-000855,6,7583.333333333333,5000.0,45500.0,1.5166666666666666,0.4490812783808523,False
856,BEN-000856,6,8300.0,0.0,49800.0,8.3,0.5855933494024435,False
857,BEN-000857,6,8333.333333333334,8000.0,50000.0,1.0416666666666667,0.48405830611162626,False
858,BEN-000858,4,7625.0,0.0,30500.0,7.625,0.6295340908202981,True
860,BEN-000860,6,7500.0,8000.0,45000.0,0.9375,0.42721708784047296,False
862,BEN-000862,6,6916.666666666667,20000.0,41500.0,0.3458333333333333,0.43298706922799546,False
865,BEN-000865,6,7000.0,20000.0,42000.0,0.35,0.4296596198426171,False
866,BEN-000866,6,6500.0,0.0,39000.0,6.5,0.5280884576797203,False
867,BEN-000867,5,8300.0,15000.0,41500.0,0.5533333333333333,0.46618092050069937,False
869,BEN-000869,6,7166.666666666667,20000.0,43000.0,0.35833333333333334,0.42430872113656887,False
871,BEN-000871,6,7500.0,20000.0,45000.0,0.375,0.4290307548788125,False
874,BEN-000874,5,7600.0,15000.0,38000.0,0.5066666666666667,0.4349160336592739,False
876,BEN-000876,5,8300.0,15000.0,41500.0,0.5533333333333333,0.46618092050069937,False
878,BEN-000878,5,8300.0,25000.0,41500.0,0.332,0.5042813938598866,False
883,BEN-000883,5,8200.0,20000.0,41000.0,0.41,0.477809243757853,False
885,BEN-000885,5,6800.0,20000.0,34000.0,0.34,0.4570943282027545,False
886,BEN-000886,6,7416.666666666667,12000.0,44500.0,0.6180555555555556,0.4089725322916821,False
887,BEN-000887,5,7500.0,5000.0,37500.0,1.5,0.46812726430794155,False
888,BEN-000888,6,7666.666666666667,12000.0,46000.0,0.638888888888889,0.41826353361119567,False
890,BEN-000890,6,6583.333333333333,0.0,39500.0,6.583333333333333,0.524624894090196,False
891,BEN-000891,5,6900.0,5000.0,34500.0,1.38,0.46523082127474824,False
892,BEN-000892,6,6800.0,25000.0,40800.0,0.272,0.4687127235905092,False
893,BEN-000893,6,7083.333333333333,5000.0,42500.0,1.4166666666666665,0.4427695234653637,False
894,BEN-000894,6,7500.0,8000.0,45000.0,0.9375,0.42721708784047296,False
895,BEN-000895,6,7083.333333333333,0.0,42500.0,7.083333333333333,0.5032539404610213,False
897,BEN-000897,6,6250.0,5000.0,37500.0,1.25,0.49365899378897876,False
905,BEN-000905,6,6250.0,15000.0,37500.0,0.4166666666666667,0.4575422703900068,False
906,BEN-000906,6,8333.333333333334,12000.0,50000.0,0.6944444444444445,0.46976835617990004,False
907,BEN-000907,6,7500.0,20000.0,45000.0,0.375,0.4290307548788125,False
908,BEN-000908,6,7250.0,12000.0,43500.0,0.6041666666666666,0.40348911015316136,False
911,BEN-000911,6,8500.0,25000.0,51000.0,0.34,0.5313912719435413,False
912,BEN-000912,6,7000.0,15000.0,42000.0,0.4666666666666667,0.4107070449744196,False
913,BEN-000913,6,6500.0,12000.0,39000.0,0.5416666666666666,0.42662178133339135,False
917,BEN-000917,6,7250.0,12000.0,43500.0,0.6041666666666666,0.40348911015316136,False
918,BEN-000918,6,6916.666666666667,0.0,41500.0,6.916666666666667,0.5010318052400352,False
921,BEN-000921,6,6666.666666666667,12000.0,40000.0,0.5555555555555556,0.4154580577756046,False
922,BEN-000922,5,7000.0,15000.0,35000.0,0.4666666666666667,0.4281312680943819,False
923,BEN-000923,6,6833.333333333333,8000.0,41000.0,0.8541666666666666,0.42597710088881346,False
925,BEN-000925,6,6833.333333333333,12000.0,41000.0,0.5694444444444444,0.40927566652395114,False
929,BEN-000929,4,7625.0,0.0,30500.0,7.625,0.6295340908202981,True
932,BEN-000932,6,7833.333333333333,25000.0,47000.0,0.3133333333333333,0.4689780908144831,False
933,BEN-000933,4,7500.0,15000.0,30000.0,0.5,0.5217173196378322,False
936,BEN-000936,6,7900.0,0.0,47400.0,7.9,0.5368413468528609,False
937,BEN-000937,4,7250.0,20000.0,29000.0,0.3625,0.5442121489921411,False
938,BEN-000938,6,7666.666666666667,15000.0,46000.0,0.5111111111111112,0.42030386002186115,False
939,BEN-000939,6,7333.333333333333,5000.0,44000.0,1.4666666666666666,0.43883584308070206,False
941,BEN-000941,6,8916.666666666666,25000.0,53500.0,0.35666666666666663,0.5863899573403262,False
943,BEN-000943,6,5666.666666666667,20000.0,34000.0,0.2833333333333333,0.5411942770433298,False
946,BEN-000946,6,7083.333333333333,8000.0,42500.0,0.8854166666666666,0.4196600686541553,False
947,BEN-000947,6,8083.333333333333,20000.0,48500.0,0.4041666666666667,0.4597588572066277,False
953,BEN-000953,6,7000.0,25000.0,42000.0,0.28,0.44966865686961016,False
954,BEN-000954,6,8300.0,0.0,49800.0,8.3,0.5855933494024435,False
956,BEN-000956,6,6083.333333333333,8000.0,36500.0,0.7604166666666666,0.4827604142442831,False
958,BEN-000958,6,6833.333333333333,25000.0,41000.0,0.2733333333333333,0.46187588284719283,False
959,BEN-000959,6,8333.333333333334,25000.0,50000.0,0.33333333333333337,0.5175601675251732,False
960,BEN-000960,5,6500.0,12000.0,32500.0,0.5416666666666666,0.449471087567577,False
961,BEN-000961,5,7200.0,25000.0,36000.0,0.288,0.47084886511654855,False
962,BEN-000962,6,7166.666666666667,8000.0,43000.0,0.8958333333333334,0.4180836481624833,False
963,BEN-000963,6,8416.666666666666,8000.0,50500.0,1.0520833333333333,0.49084837277285576,False
964,BEN-000964,6,9666.666666666666,0.0,58000.0,9.666666666666666,0.6981459285476639,True
965,BEN-000965,6,7083.333333333333,15000.0,42500.0,0.4722222222222222,0.40925197367048816,False
966,BEN-000966,5,6875.0,20000.0,34375.0,0.34375,0.45257794618620023,False
969,BEN-000969,6,7916.666666666667,15000.0,47500.0,0.5277777777777778,0.43261365428474324,False
972,BEN-000972,6,6416.666666666667,12000.0,38500.0,0.5347222222222222,0.43167773344957144,False
973,BEN-000973,6,6400.0,0.0,38400.0,6.4,0.5404777595904856,False
974,BEN-000974,7,7833.333333333333,0.0,54833.33333333333,7.833333333333333,0.6397838430391254,True
977,BEN-000977,5,9000.0,12000.0,45000.0,0.75,0.5360385495376065,False
978,BEN-000978,6,9000.0,25000.0,54000.0,0.36,0.5969251685931679,False
979,BEN-000979,6,8750.0,25000.0,52500.0,0.35,0.5673996962827899,False
986,BEN-000986,6,7916.666666666667,12000.0,47500.0,0.6597222222222222,0.4304462889684012,False
989,BEN-000989,6,7416.666666666667,0.0,44500.0,7.416666666666667,0.4981384740234462,False
990,BEN-000990,5,8375.0,8000.0,41875.0,1.046875,0.4903089971525295,False
992,BEN-000992,6,7666.666666666667,8000.0,46000.0,0.9583333333333334,0.43070457535883455,False
994,BEN-000994,5,7700.0,5000.0,38500.0,1.54,0.47091922038900197,False
997,BEN-000997,6,7250.0,25000.0,43500.0,0.29,0.4431079978007452,False
999,BEN-000999,6,7750.0,0.0,46500.0,7.75,0.5249553998896437,False
1001,BEN-001001,6,6833.333333333333,20000.0,41000.0,0.3416666666666667,0.43678032518930676,False
1002,BEN-001002,4,8500.0,8000.0,34000.0,1.0625,0.5719459985654248,False
1004,BEN-001004,5,6200.0,20000.0,31000.0,0.31,0.5065928240521373,False
1006,BEN-001006,6,8250.0,0.0,49500.0,8.25,0.5819240225336718,False
1009,BEN-001009,6,7500.0,25000.0,45000.0,0.3,0.45277620909754823,False
1014,BEN-001014,6,7500.0,25000.0,45000.0,0.3,0.45277620909754823,False
1016,BEN-001016,6,6833.333333333333,0.0,41000.0,6.833333333333333,0.5034621553086582,False
1018,BEN-001018,6,7750.0,15000.0,46500.0,0.5166666666666667,0.4239971786809844,False
1020,BEN-001020,6,5750.0,20000.0,34500.0,0.2875,0.5340360703608382,False
1021,BEN-001021,6,7833.333333333333,12000.0,47000.0,0.6527777777777778,0.42515396698130953,False
1025,BEN-001025,6,7250.0,12000.0,43500.0,0.6041666666666666,0.40348911015316136,False
1028,BEN-001028,6,7750.0,12000.0,46500.0,0.6458333333333334,0.4222568366341969,False
1030,BEN-001030,6,7800.0,15000.0,46800.0,0.52,0.4243662975392224,False
1031,BEN-001031,6,7166.666666666667,25000.0,43000.0,0.2866666666666667,0.44476480688725956,False
1032,BEN-001032,5,6800.0,25000.0,34000.0,0.272,0.488546998259088,False
1033,BEN-001033,6,7583.333333333333,0.0,45500.0,7.583333333333333,0.5139417330673225,False
1034,BEN-001034,6,7666.666666666667,15000.0,46000.0,0.5111111111111112,0.42030386002186115,False
1035,BEN-001035,5,7875.0,12000.0,39375.0,0.65625,0.4362228111419623,False
1036,BEN-001036,6,6416.666666666667,15000.0,38500.0,0.4277777777777778,0.4382451704065815,False
1039,BEN-001039,6,6750.0,20000.0,40500.0,0.3375,0.4438382790978773,False
1040,BEN-001040,6,6750.0,8000.0,40500.0,0.84375,0.42890957725939516,False
1041,BEN-001041,6,7750.0,8000.0,46500.0,0.96875,0.43302564881072286,False
1044,BEN-001044,5,8600.0,5000.0,43000.0,1.72,0.537383268739818,False
1045,BEN-001045,6,6900.0,0.0,41400.0,6.9,0.5024448317943654,False
1046,BEN-001046,5,7000.0,12000.0,35000.0,0.5833333333333334,0.41806574812352487,False
1047,BEN-001047,5,7200.0,25000.0,36000.0,0.288,0.47084886511654855,False
1048,BEN-001048,4,8125.0,8000.0,32500.0,1.015625,0.5508879312572514,False
1049,BEN-001049,4,7500.0,12000.0,30000.0,0.625,0.5127589226695106,False
1050,BEN-001050,6,6333.333333333333,12000.0,38000.0,0.5277777777777778,0.44156220292603443,False
1051,BEN-001051,5,6375.0,12000.0,31875.0,0.53125,0.4607651252093913,False
1054,BEN-001054,5,7000.0,20000.0,35000.0,0.35,0.4476589295995726,False
1057,BEN-001057,5,7600.0,20000.0,38000.0,0.38,0.45458275975764084,False
1062,BEN-001062,5,6600.0,25000.0,33000.0,0.264,0.5096543233476702,False
1065,BEN-001065,4,7000.0,12000.0,28000.0,0.5833333333333334,0.5192606047723836,False
1066,BEN-001066,6,8083.333333333333,15000.0,48500.0,0.5388888888888889,0.4447720867425217,False
1067,BEN-001067,6,7000.0,15000.0,42000.0,0.4666666666666667,0.4107070449744196,False
1069,BEN-001069,5,7200.0,15000.0,36000.0,0.48,0.4235418833812642,False
1070,BEN-001070,4,7125.0,0.0,28500.0,7.125,0.6223619073831793,True
1071,BEN-001071,6,6833.333333333333,8000.0,41000.0,0.8541666666666666,0.42597710088881346,False
1072,BEN-001072,5,6800.0,12000.0,34000.0,0.5666666666666667,0.4293109467992621,False
1075,BEN-001075,6,8833.333333333334,0.0,53000.0,8.833333333333334,0.6506302666083289,True
1076,BEN-001076,6,7833.333333333333,15000.0,47000.0,0.5222222222222223,0.42719158098602295,False
1078,BEN-001078,5,7300.0,8000.0,36500.0,0.9125,0.43196257100393354,False
1079,BEN-001079,4,6625.0,20000.0,26500.0,0.33125,0.5648294219412293,False
1081,BEN-001081,6,7916.666666666667,25000.0,47500.0,0.31666666666666665,0.47744746605327515,False
1083,BEN-001083,5,8200.0,25000.0,41000.0,0.328,0.49788388738388234,False
1086,BEN-001086,5,8500.0,5000.0,42500.0,1.7,0.5327942145679732,False
1088,BEN-001088,5,8200.0,12000.0,41000.0,0.6833333333333333,0.45830873614434087,False
1089,BEN-001089,6,9333.333333333334,5000.0,56000.0,1.8666666666666667,0.6104590563110316,True
1091,BEN-001091,6,5700.0,5000.0,34200.0,1.14,0.5397937576378213,False
1092,BEN-001092,5,8800.0,12000.0,44000.0,0.7333333333333333,0.5157928055218067,False
1093,BEN-001093,6,7250.0,8000.0,43500.0,0.90625,0.4178999787288532,False
1094,BEN-001094,4,6500.0,25000.0,26000.0,0.26,0.6051900193524539,True
1097,BEN-001097,5,7100.0,5000.0,35500.0,1.42,0.45742148502293734,False
1102,BEN-001102,6,6666.666666666667,20000.0,40000.0,0.33333333333333337,0.44540237010443806,False
1105,BEN-001105,6,7166.666666666667,15000.0,43000.0,0.4777777777777778,0.4074888954009138,False
1108,BEN-001108,6,7333.333333333333,8000.0,44000.0,0.9166666666666666,0.42122345717665527,False
1110,BEN-001110,6,6666.666666666667,25000.0,40000.0,0.26666666666666666,0.47817892025451136,False
1112,BEN-001112,6,7583.333333333333,12000.0,45500.0,0.6319444444444444,0.4160499050760776,False
1113,BEN-001113,4,7750.0,25000.0,31000.0,0.31,0.5599544203400715,False
1114,BEN-001114,4,7750.0,8000.0,31000.0,0.96875,0.5283041979507647,False
1115,BEN-001115,6,7500.0,20000.0,45000.0,0.375,0.4290307548788125,False
1116,BEN-001116,5,7800.0,15000.0,39000.0,0.52,0.437134513219704,False
1119,BEN-001119,5,7300.0,12000.0,36500.0,0.6083333333333333,0.41475001868385547,False
1120,BEN-001120,6,6583.333333333333,15000.0,39500.0,0.4388888888888889,0.42998586023902674,False
1121,BEN-001121,6,6583.333333333333,8000.0,39500.0,0.8229166666666666,0.43844104793285993,False
1123,BEN-001123,6,7666.666666666667,12000.0,46000.0,0.638888888888889,0.41826353361119567,False
1124,BEN-001124,6,7666.666666666667,15000.0,46000.0,0.5111111111111112,0.42030386002186115,False
1125,BEN-001125,6,7833.333333333333,20000.0,47000.0,0.39166666666666666,0.44310732626402916,False
1127,BEN-001127,5,8700.0,15000.0,43500.0,0.58,0.5031150556173241,False
1128,BEN-001128,5,7300.0,12000.0,36500.0,0.6083333333333333,0.41475001868385547,False
1130,BEN-001130,6,7083.333333333333,15000.0,42500.0,0.4722222222222222,0.40925197367048816,False
1131,BEN-001131,6,6400.0,8000.0,38400.0,0.8,0.45347484501584706,False
1133,BEN-001133,4,7250.0,5000.0,29000.0,1.45,0.5552166024519692,False
1136,BEN-001136,5,6600.0,5000.0,33000.0,1.32,0.4828943798884389,False
1138,BEN-001138,6,6583.333333333333,25000.0,39500.0,0.2633333333333333,0.49160339313732887,False
1139,BEN-001139,5,6900.0,25000.0,34500.0,0.276,0.4797146574287002,False
1141,BEN-001141,6,7583.333333333333,25000.0,45500.0,0.30333333333333334,0.4554634491427714,False
1142,BEN-001142,6,7916.666666666667,8000.0,47500.0,0.9895833333333334,0.4444627500241837,False
1143,BEN-001143,6,6250.0,15000.0,37500.0,0.4166666666666667,0.4575422703900068,False
1145,BEN-001145,6,8333.333333333334,8000.0,50000.0,1.0416666666666667,0.48405830611162626,False
1146,BEN-001146,6,7200.0,5000.0,43200.0,1.44,0.43679071980457623,False
1147,BEN-001147,6,7250.0,5000.0,43500.0,1.45,0.4363246041627491,False
1148,BEN-001148,6,7916.666666666667,12000.0,47500.0,0.6597222222222222,0.4304462889684012,False
1151,BEN-001151,5,7700.0,20000.0,38500.0,0.385,0.4530266771050681,False
1152,BEN-001152,6,7166.666666666667,0.0,43000.0,7.166666666666667,0.5033552624138711,False
1153,BEN-001153,5,7400.0,12000.0,37000.0,0.6166666666666667,0.4173940797277093,False
1156,BEN-001156,6,7833.333333333333,20000.0,47000.0,0.39166666666666666,0.44310732626402916,False
1157,BEN-001157,6,7250.0,0.0,43500.0,7.25,0.4999666522983651,False
1158,BEN-001158,6,7500.0,20000.0,45000.0,0.375,0.4290307548788125,False
1159,BEN-001159,4,7125.0,15000.0,28500.0,0.475,0.5258835448025994,False
1161,BEN-001161,6,7000.0,20000.0,42000.0,0.35,0.4296596198426171,False
1162,BEN-001162,6,7833.333333333333,25000.0,47000.0,0.3133333333333333,0.4689780908144831,False
1163,BEN-001163,5,7400.0,25000.0,37000.0,0.296,0.47321597876348437,False
1164,BEN-001164,6,8300.0,20000.0,49800.0,0.415,0.4777286668630075,False
1165,BEN-001165,6,8166.666666666667,25000.0,49000.0,0.32666666666666666,0.4982714759557875,False
1166,BEN-001166,6,8583.333333333334,20000.0,51500.0,0.4291666666666667,0.5071395902781405,False
1171,BEN-001171,6,6833.333333333333,0.0,41000.0,6.833333333333333,0.5034621553086582,False
1178,BEN-001178,6,7333.333333333333,0.0,44000.0,7.333333333333333,0.49684475640385023,False
1180,BEN-001180,3,9166.666666666666,25000.0,27500.0,0.36666666666666664,0.6903433565979702,True
1181,BEN-001181,6,8166.666666666667,15000.0,49000.0,0.5444444444444445,0.4555328404631699,False
1183,BEN-001183,6,7000.0,5000.0,42000.0,1.4,0.446252410796028,False
1184,BEN-001184,5,7600.0,15000.0,38000.0,0.5066666666666667,0.4349160336592739,False
1185,BEN-001185,6,6666.666666666667,20000.0,40000.0,0.33333333333333337,0.44540237010443806,False
1186,BEN-001186,6,7666.666666666667,15000.0,46000.0,0.5111111111111112,0.42030386002186115,False
1189,BEN-001189,6,6166.666666666667,0.0,37000.0,6.166666666666667,0.5691832011111588,False
1192,BEN-001192,6,6916.666666666667,25000.0,41500.0,0.27666666666666667,0.4556777336727081,False
1193,BEN-001193,6,8000.0,25000.0,48000.0,0.32,0.48675279201205096,False
1194,BEN-001194,6,7250.0,25000.0,43500.0,0.29,0.4431079978007452,False
1197,BEN-001197,5,7800.0,5000.0,39000.0,1.56,0.4779972280459396,False
1199,BEN-001199,6,7000.0,0.0,42000.0,7.0,0.49953199854908753,False
1200,BEN-001200,6,7166.666666666667,20000.0,43000.0,0.35833333333333334,0.42430872113656887,False
1201,BEN-001201,3,5666.666666666667,5000.0,17000.0,1.1333333333333333,0.7013888498104751,True
1202,BEN-001202,7,9142.857142857143,5000.0,64000.0,1.8285714285714285,0.6756170569662338,True
1203,BEN-001203,6,7250.0,8000.0,43500.0,0.90625,0.4178999787288532,False
1204,BEN-001204,5,9375.0,12000.0,46875.0,0.78125,0.5549331978651914,False
1205,BEN-001205,6,6916.666666666667,8000.0,41500.0,0.8645833333333334,0.42374081596835644,False
1206,BEN-001206,6,7083.333333333333,5000.0,42500.0,1.4166666666666665,0.4427695234653637,False
1208,BEN-001208,4,7500.0,25000.0,30000.0,0.3,0.5652786340025086,False
1210,BEN-001210,6,7000.0,12000.0,42000.0,0.5833333333333334,0.40427342282283896,False
1211,BEN-001211,6,8083.333333333333,15000.0,48500.0,0.5388888888888889,0.4447720867425217,False
1212,BEN-001212,4,7500.0,8000.0,30000.0,0.9375,0.5204363529081811,False
1213,BEN-001213,6,7333.333333333333,15000.0,44000.0,0.4888888888888889,0.4078229721209872,False
1214,BEN-001214,5,7600.0,12000.0,38000.0,0.6333333333333333,0.42745141384295837,False
1215,BEN-001215,6,7333.333333333333,20000.0,44000.0,0.36666666666666664,0.4273329462960274,False
1216,BEN-001216,5,6400.0,15000.0,32000.0,0.4266666666666667,0.4636637615106712,False
1217,BEN-001217,4,8375.0,0.0,33500.0,8.375,0.6640499394006631,True
1218,BEN-001218,6,6416.666666666667,8000.0,38500.0,0.8020833333333334,0.45096681114106235,False
1219,BEN-001219,5,7900.0,5000.0,39500.0,1.58,0.48624788488396836,False
1220,BEN-001220,6,7333.333333333333,8000.0,44000.0,0.9166666666666666,0.42122345717665527,False
1221,BEN-001221,6,7416.666666666667,0.0,44500.0,7.416666666666667,0.4981384740234462,False
1226,BEN-001226,4,7125.0,20000.0,28500.0,0.35625,0.5472114884078442,False
1228,BEN-001228,6,7416.666666666667,5000.0,44500.0,1.4833333333333334,0.4405125013479692,False
1230,BEN-001230,6,7000.0,5000.0,42000.0,1.4,0.446252410796028,False
1231,BEN-001231,4,6500.0,12000.0,26000.0,0.5416666666666666,0.5465231345436595,False
1232,BEN-001232,4,6625.0,0.0,26500.0,6.625,0.644731692693013,True
1233,BEN-001233,5,6800.0,5000.0,34000.0,1.36,0.47064972586180776,False
1234,BEN-001234,5,7300.0,12000.0,36500.0,0.6083333333333333,0.41475001868385547,False
1236,BEN-001236,6,7100.0,5000.0,42600.0,1.42,0.4437509891917467,False
1237,BEN-001237,5,8300.0,25000.0,41500.0,0.332,0.5042813938598866,False
1238,BEN-001238,4,7000.0,15000.0,28000.0,0.4666666666666667,0.5311404576389889,False
1241,BEN-001241,5,7900.0,0.0,39500.0,7.9,0.5690573438500416,False
1244,BEN-001244,6,7400.0,0.0,44400.0,7.4,0.4975122493019127,False
1245,BEN-001245,6,7083.333333333333,12000.0,42500.0,0.5902777777777778,0.40405393846082466,False
1246,BEN-001246,6,7083.333333333333,12000.0,42500.0,0.5902777777777778,0.40405393846082466,False
1247,BEN-001247,6,7416.666666666667,15000.0,44500.0,0.49444444444444446,0.4074016837132436,False
1248,BEN-001248,5,7900.0,20000.0,39500.0,0.395,0.45955994862675903,False
1250,BEN-001250,5,6000.0,20000.0,30000.0,0.3,0.5277905657966181,False
1252,BEN-001252,5,7500.0,0.0,37500.0,7.5,0.5454079535708252,False
1253,BEN-001253,5,7100.0,15000.0,35500.0,0.47333333333333333,0.4273104331452373,False
1258,BEN-001258,6,6083.333333333333,5000.0,36500.0,1.2166666666666666,0.5118463137124667,False
1259,BEN-001259,6,7083.333333333333,8000.0,42500.0,0.8854166666666666,0.4196600686541553,False
1260,BEN-001260,6,6750.0,15000.0,40500.0,0.45,0.4242806683831138,False
1264,BEN-001264,6,8916.666666666666,8000.0,53500.0,1.1145833333333333,0.5534778298386434,False
1265,BEN-001265,5,7800.0,25000.0,39000.0,0.312,0.4739760322069833,False
1266,BEN-001266,5,7100.0,20000.0,35500.0,0.355,0.4470538662076461,False
1267,BEN-001267,6,7666.666666666667,20000.0,46000.0,0.38333333333333336,0.4350890415164608,False
1268,BEN-001268,6,7666.666666666667,25000.0,46000.0,0.3066666666666667,0.45423809162154843,False
1269,BEN-001269,6,8000.0,0.0,48000.0,8.0,0.5467249405094353,False
1272,BEN-001272,4,8125.0,8000.0,32500.0,1.015625,0.5508879312572514,False
1274,BEN-001274,6,8000.0,0.0,48000.0,8.0,0.5467249405094353,False
1276,BEN-001276,7,8285.714285714286,8000.0,58000.0,1.0357142857142858,0.612439779712825,True
1280,BEN-001280,5,6800.0,15000.0,34000.0,0.4533333333333333,0.4402457266257802,False
1281,BEN-001281,6,8416.666666666666,20000.0,50500.0,0.4208333333333333,0.48916673349194867,False
1282,BEN-001282,5,7500.0,5000.0,37500.0,1.5,0.46812726430794155,False
1283,BEN-001283,5,7800.0,25000.0,39000.0,0.312,0.4739760322069833,False
1284,BEN-001284,6,8166.666666666667,8000.0,49000.0,1.0208333333333335,0.4656578156393299,False
1286,BEN-001286,7,8416.666666666666,0.0,58916.666666666664,8.416666666666666,0.6813711841102804,True
1288,BEN-001288,6,7916.666666666667,25000.0,47500.0,0.31666666666666665,0.47744746605327515,False
1289,BEN-001289,5,6300.0,5000.0,31500.0,1.26,0.5031586529063174,False
1290,BEN-001290,6,7666.666666666667,20000.0,46000.0,0.38333333333333336,0.4350890415164608,False
1292,BEN-001292,6,7000.0,12000.0,42000.0,0.5833333333333334,0.40427342282283896,False
1295,BEN-001295,5,6700.0,12000.0,33500.0,0.5583333333333333,0.43635930956124647,False
1296,BEN-001296,5,7000.0,5000.0,35000.0,1.4,0.45879564436945247,False
1297,BEN-001297,5,7700.0,5000.0,38500.0,1.54,0.47091922038900197,False
1299,BEN-001299,5,7200.0,25000.0,36000.0,0.288,0.47084886511654855,False
1301,BEN-001301,6,7750.0,0.0,46500.0,7.75,0.5249553998896437,False
1302,BEN-001302,4,8000.0,25000.0,32000.0,0.32,0.5668540887991349,False
1303,BEN-001303,6,7000.0,12000.0,42000.0,0.5833333333333334,0.40427342282283896,False
1304,BEN-001304,6,8166.666666666667,5000.0,49000.0,1.6333333333333333,0.4842889068252078,False
1306,BEN-001306,5,7400.0,12000.0,37000.0,0.6166666666666667,0.4173940797277093,False
1308,BEN-001308,6,6500.0,15000.0,39000.0,0.43333333333333335,0.4342891856523154,False
1309,BEN-001309,6,7833.333333333333,5000.0,47000.0,1.5666666666666667,0.4591394347786999,False
1310,BEN-001310,6,8100.0,15000.0,48600.0,0.54,0.44663400038848344,False
1311,BEN-001311,5,7200.0,20000.0,36000.0,0.36,0.4454118436552975,False
1312,BEN-001312,6,7750.0,25000.0,46500.0,0.31,0.4615567786804201,False
1316,BEN-001316,6,7083.333333333333,25000.0,42500.0,0.2833333333333333,0.4467954538042788,False
1317,BEN-001317,6,8583.333333333334,25000.0,51500.0,0.3433333333333334,0.5421264888076676,False
1318,BEN-001318,5,7900.0,20000.0,39500.0,0.395,0.45955994862675903,False
1319,BEN-001319,6,8166.666666666667,5000.0,49000.0,1.6333333333333333,0.4842889068252078,False
1320,BEN-001320,5,7125.0,0.0,35625.0,7.125,0.5382595859449063,False
1321,BEN-001321,6,7083.333333333333,12000.0,42500.0,0.5902777777777778,0.40405393846082466,False
1322,BEN-001322,6,8083.333333333333,5000.0,48500.0,1.6166666666666667,0.47705454371459494,False
1323,BEN-001323,5,6700.0,15000.0,33500.0,0.44666666666666666,0.44602825817634256,False
1324,BEN-001324,5,7600.0,0.0,38000.0,7.6,0.5460749826577526,False
1326,BEN-001326,6,7750.0,20000.0,46500.0,0.3875,0.4396754891280174,False
1327,BEN-001327,5,6900.0,12000.0,34500.0,0.575,0.4251451617751825,False
1329,BEN-001329,6,7916.666666666667,8000.0,47500.0,0.9895833333333334,0.4444627500241837,False
1330,BEN-001330,5,7700.0,12000.0,38500.0,0.6416666666666667,0.4283431948729701,False
1333,BEN-001333,6,7300.0,15000.0,43800.0,0.4866666666666667,0.405307659842079,False
1335,BEN-001335,5,7800.0,0.0,39000.0,7.8,0.5591434510886998,False
1337,BEN-001337,6,6800.0,0.0,40800.0,6.8,0.5046534724990366,False
1338,BEN-001338,6,7000.0,5000.0,42000.0,1.4,0.446252410796028,False
1341,BEN-001341,6,7500.0,20000.0,45000.0,0.375,0.4290307548788125,False
1343,BEN-001343,5,8100.0,15000.0,40500.0,0.54,0.4553621261733621,False
1344,BEN-001344,5,8375.0,12000.0,41875.0,0.6979166666666666,0.47271518535657414,False
1346,BEN-001346,6,8500.0,20000.0,51000.0,0.425,0.4959857803675142,False
1347,BEN-001347,5,7400.0,25000.0,37000.0,0.296,0.47321597876348437,False
1350,BEN-001350,6,7416.666666666667,15000.0,44500.0,0.49444444444444446,0.4074016837132436,False
1351,BEN-001351,5,7100.0,12000.0,35500.0,0.5916666666666667,0.4152815197192949,False
1352,BEN-001352,6,8000.0,15000.0,48000.0,0.5333333333333333,0.4377274688223761,False
1353,BEN-001353,6,7333.333333333333,0.0,44000.0,7.333333333333333,0.49684475640385023,False
1354,BEN-001354,5,6300.0,0.0,31500.0,6.3,0.589360593816764,False
1356,BEN-001356,6,6416.666666666667,12000.0,38500.0,0.5347222222222222,0.43167773344957144,False
1357,BEN-001357,5,7000.0,5000.0,35000.0,1.4,0.45879564436945247,False
1358,BEN-001358,6,7583.333333333333,5000.0,45500.0,1.5166666666666666,0.4490812783808523,False
1360,BEN-001360,6,6833.333333333333,12000.0,41000.0,0.5694444444444444,0.40927566652395114,False
1363,BEN-001363,6,6666.666666666667,12000.0,40000.0,0.5555555555555556,0.4154580577756046,False
1364,BEN-001364,6,7500.0,8000.0,45000.0,0.9375,0.42721708784047296,False
1366,BEN-001366,5,6700.0,12000.0,33500.0,0.5583333333333333,0.43635930956124647,False
1367,BEN-001367,6,6500.0,12000.0,39000.0,0.5416666666666666,0.42662178133339135,False
1369,BEN-001369,5,7800.0,15000.0,39000.0,0.52,0.437134513219704,False
1370,BEN-001370,3,9166.666666666666,25000.0,27500.0,0.36666666666666664,0.6903433565979702,True
1371,BEN-001371,5,6900.0,20000.0,34500.0,0.345,0.45163077072691465,False
1374,BEN-001374,6,6333.333333333333,20000.0,38000.0,0.31666666666666665,0.4750968243574256,False
1375,BEN-001375,6,5600.0,5000.0,33600.0,1.12,0.5500143888159091,False
1376,BEN-001376,5,8000.0,20000.0,40000.0,0.4,0.46581108016345074,False
1382,BEN-001382,5,6800.0,0.0,34000.0,6.8,0.5511926356686022,False
1383,BEN-001383,5,7700.0,0.0,38500.0,7.7,0.5507356056688131,False
1385,BEN-001385,6,6916.666666666667,12000.0,41500.0,0.576388888888889,0.4079733186636438,False
1387,BEN-001387,6,8166.666666666667,25000.0,49000.0,0.32666666666666666,0.4982714759557875,False
1388,BEN-001388,5,7400.0,25000.0,37000.0,0.296,0.47321597876348437,False
1391,BEN-001391,6,7166.666666666667,20000.0,43000.0,0.35833333333333334,0.42430872113656887,False
1398,BEN-001398,6,7400.0,12000.0,44400.0,0.6166666666666667,0.4091610296926774,False
1399,BEN-001399,6,8333.333333333334,15000.0,50000.0,0.5555555555555556,0.47479364723932793,False
1400,BEN-001400,5,6700.0,8000.0,33500.0,0.8375,0.446188188169255,False
1401,BEN-001401,5,7900.0,15000.0,39500.0,0.5266666666666666,0.44270987690156527,False
1402,BEN-001402,6,6833.333333333333,25000.0,41000.0,0.2733333333333333,0.46187588284719283,False
1403,BEN-001403,5,6900.0,5000.0,34500.0,1.38,0.46523082127474824,False
1406,BEN-001406,5,7800.0,12000.0,39000.0,0.65,0.4322718669614045,False
1407,BEN-001407,5,7750.0,25000.0,38750.0,0.31,0.4732332257923384,False
1409,BEN-001409,6,7800.0,12000.0,46800.0,0.65,0.42211691245551236,False
1410,BEN-001410,5,6875.0,5000.0,34375.0,1.375,0.46779773087650944,False
1411,BEN-001411,6,6900.0,8000.0,41400.0,0.8625,0.4246364129766182,False
1413,BEN-001413,5,7800.0,20000.0,39000.0,0.39,0.4529329414672538,False
1414,BEN-001414,5,6800.0,0.0,34000.0,6.8,0.5511926356686022,False
1415,BEN-001415,6,7666.666666666667,5000.0,46000.0,1.5333333333333334,0.4500942050405896,False
1419,BEN-001419,6,7750.0,20000.0,46500.0,0.3875,0.4396754891280174,False
1422,BEN-001422,6,7666.666666666667,8000.0,46000.0,0.9583333333333334,0.43070457535883455,False
1423,BEN-001423,5,9600.0,5000.0,48000.0,1.92,0.6039069721287964,True
1424,BEN-001424,5,7300.0,12000.0,36500.0,0.6083333333333333,0.41475001868385547,False
1425,BEN-001425,5,6600.0,8000.0,33000.0,0.825,0.45402979708631297,False
1429,BEN-001429,6,8333.333333333334,12000.0,50000.0,0.6944444444444445,0.46976835617990004,False
1431,BEN-001431,6,6333.333333333333,0.0,38000.0,6.333333333333333,0.5518458007029513,False
1432,BEN-001432,5,7600.0,25000.0,38000.0,0.304,0.4746523023951251,False
1433,BEN-001433,6,7416.666666666667,5000.0,44500.0,1.4833333333333334,0.4405125013479692,False
1434,BEN-001434,6,6500.0,12000.0,39000.0,0.5416666666666666,0.42662178133339135,False
1438,BEN-001438,4,6500.0,12000.0,26000.0,0.5416666666666666,0.5465231345436595,False
1439,BEN-001439,5,6300.0,8000.0,31500.0,0.7875,0.4779975383214735,False
1441,BEN-001441,5,6000.0,8000.0,30000.0,0.75,0.5094350895169178,False
1445,BEN-001445,5,7100.0,0.0,35500.0,7.1,0.5370751535082442,False
1446,BEN-001446,5,6800.0,0.0,34000.0,6.8,0.5511926356686022,False
1448,BEN-001448,5,6500.0,20000.0,32500.0,0.325,0.4800710391808187,False
1449,BEN-001449,6,6583.333333333333,15000.0,39500.0,0.4388888888888889,0.42998586023902674,False
1452,BEN-001452,6,7000.0,12000.0,42000.0,0.5833333333333334,0.40427342282283896,False
1453,BEN-001453,5,7100.0,8000.0,35500.0,0.8875,0.43131672532493953,False
1454,BEN-001454,5,6625.0,5000.0,33125.0,1.325,0.48029331507292655,False
1455,BEN-001455,6,8000.0,0.0,48000.0,8.0,0.5467249405094353,False
1456,BEN-001456,5,5600.0,25000.0,28000.0,0.224,0.6062674272421832,True
1457,BEN-001457,4,7625.0,15000.0,30500.0,0.5083333333333333,0.5257853078107084,False
1458,BEN-001458,3,5333.333333333333,20000.0,16000.0,0.26666666666666666,0.7051181825179397,True
1459,BEN-001459,6,6833.333333333333,12000.0,41000.0,0.5694444444444444,0.40927566652395114,False
1462,BEN-001462,6,7583.333333333333,5000.0,45500.0,1.5166666666666666,0.4490812783808523,False
1464,BEN-001464,6,7583.333333333333,8000.0,45500.0,0.9479166666666666,0.42867070565486703,False
1472,BEN-001472,4,6125.0,15000.0,24500.0,0.4083333333333333,0.5880840237394666,False
1475,BEN-001475,6,7200.0,5000.0,43200.0,1.44,0.43679071980457623,False
1477,BEN-001477,6,6666.666666666667,8000.0,40000.0,0.8333333333333334,0.43126096278501047,False
1479,BEN-001479,5,6400.0,12000.0,32000.0,0.5333333333333333,0.4582800730249438,False
1480,BEN-001480,5,7800.0,8000.0,39000.0,0.975,0.44965083283826773,False
1481,BEN-001481,6,7333.333333333333,20000.0,44000.0,0.36666666666666664,0.4273329462960274,False
1482,BEN-001482,6,6166.666666666667,15000.0,37000.0,0.41111111111111115,0.46596123086839863,False
1485,BEN-001485,6,8000.0,12000.0,48000.0,0.6666666666666666,0.4369191000665728,False
1486,BEN-001486,6,7500.0,25000.0,45000.0,0.3,0.45277620909754823,False
1487,BEN-001487,5,8300.0,25000.0,41500.0,0.332,0.5042813938598866,False
1489,BEN-001489,6,6500.0,25000.0,39000.0,0.26,0.49521227721951283,False
1491,BEN-001491,6,6333.333333333333,5000.0,38000.0,1.2666666666666666,0.4890468966280776,False
1492,BEN-001492,5,6250.0,8000.0,31250.0,0.78125,0.4828574508121039,False
1495,BEN-001495,4,7625.0,8000.0,30500.0,0.953125,0.5254514547387651,False
1496,BEN-001496,6,7800.0,20000.0,46800.0,0.39,0.44098431713452546,False
1498,BEN-001498,5,6000.0,20000.0,30000.0,0.3,0.5277905657966181,False
1499,BEN-001499,5,6800.0,15000.0,34000.0,0.4533333333333333,0.4402457266257802,False
1500,BEN-001500,6,7666.666666666667,8000.0,46000.0,0.9583333333333334,0.43070457535883455,False
1501,BEN-001501,5,6800.0,25000.0,34000.0,0.272,0.488546998259088,False
1504,BEN-001504,5,7700.0,8000.0,38500.0,0.9625,0.44575752687145864,False
1505,BEN-001505,5,6600.0,25000.0,33000.0,0.264,0.5096543233476702,False
1508,BEN-001508,5,7250.0,25000.0,36250.0,0.29,0.4725736426534787,False
1509,BEN-001509,4,7125.0,20000.0,28500.0,0.35625,0.5472114884078442,False
1511,BEN-001511,4,7250.0,0.0,29000.0,7.25,0.6259566565493692,True
1512,BEN-001512,6,7000.0,0.0,42000.0,7.0,0.49953199854908753,False
1514,BEN-001514,6,6666.666666666667,5000.0,40000.0,1.3333333333333335,0.46343242964087694,False
1515,BEN-001515,5,6700.0,15000.0,33500.0,0.44666666666666666,0.44602825817634256,False
1516,BEN-001516,6,6500.0,15000.0,39000.0,0.43333333333333335,0.4342891856523154,False
1519,BEN-001519,6,8000.0,20000.0,48000.0,0.4,0.4530384065307242,False
1522,BEN-001522,6,7666.666666666667,15000.0,46000.0,0.5111111111111112,0.42030386002186115,False
1523,BEN-001523,4,9000.0,12000.0,36000.0,0.75,0.5876815782825189,False
1526,BEN-001526,6,6333.333333333333,8000.0,38000.0,0.7916666666666666,0.46048027757191345,False
1527,BEN-001527,5,6000.0,12000.0,30000.0,0.5,0.4982238701991868,False
1528,BEN-001528,4,7750.0,15000.0,31000.0,0.5166666666666667,0.5243302425987424,False
1529,BEN-001529,5,6900.0,25000.0,34500.0,0.276,0.4797146574287002,False
1530,BEN-001530,6,6500.0,8000.0,39000.0,0.8125,0.4451829032738355,False
1533,BEN-001533,6,7750.0,0.0,46500.0,7.75,0.5249553998896437,False
1534,BEN-001534,5,8700.0,8000.0,43500.0,1.0875,0.5148506425027433,False
1536,BEN-001536,6,6666.666666666667,8000.0,40000.0,0.8333333333333334,0.43126096278501047,False
1537,BEN-001537,5,7400.0,12000.0,37000.0,0.6166666666666667,0.4173940797277093,False
1541,BEN-001541,6,7583.333333333333,12000.0,45500.0,0.6319444444444444,0.4160499050760776,False
1542,BEN-001542,7,8857.142857142857,8000.0,62000.0,1.1071428571428572,0.6474096591512305,True
1548,BEN-001548,6,6166.666666666667,5000.0,37000.0,1.2333333333333334,0.503234288376343,False
1549,BEN-001549,6,7583.333333333333,12000.0,45500.0,0.6319444444444444,0.4160499050760776,False
1550,BEN-001550,6,8583.333333333334,12000.0,51500.0,0.7152777777777778,0.4948449450171631,False
1552,BEN-001552,5,7400.0,25000.0,37000.0,0.296,0.47321597876348437,False
1554,BEN-001554,6,7250.0,15000.0,43500.0,0.48333333333333334,0.40437264834463044,False
1556,BEN-001556,6,7750.0,5000.0,46500.0,1.55,0.4529538178323627,False
1558,BEN-001558,4,8500.0,5000.0,34000.0,1.7,0.5942780499036261,False
1560,BEN-001560,5,7400.0,12000.0,37000.0,0.6166666666666667,0.4173940797277093,False
1561,BEN-001561,6,8333.333333333334,12000.0,50000.0,0.6944444444444445,0.46976835617990004,False
1564,BEN-001564,6,9000.0,20000.0,54000.0,0.45,0.5671236821742678,False
1567,BEN-001567,6,8333.333333333334,0.0,50000.0,8.333333333333334,0.5853096902989801,False
1568,BEN-001568,6,7200.0,8000.0,43200.0,0.9,0.4171216066778545,False
1569,BEN-001569,6,6100.0,15000.0,36600.0,0.4066666666666667,0.47133561748457115,False
1570,BEN-001570,6,7666.666666666667,20000.0,46000.0,0.38333333333333336,0.4350890415164608,False
1575,BEN-001575,6,7500.0,0.0,45000.0,7.5,0.5049842080267292,False
1577,BEN-001577,4,5875.0,25000.0,23500.0,0.235,0.6503357117762033,True
1578,BEN-001578,6,6500.0,20000.0,39000.0,0.325,0.4549808166847371,False
1585,BEN-001585,6,5333.333333333333,20000.0,32000.0,0.26666666666666666,0.5618422632876114,False
1586,BEN-001586,6,8166.666666666667,15000.0,49000.0,0.5444444444444445,0.4555328404631699,False
1588,BEN-001588,5,7500.0,8000.0,37500.0,0.9375,0.43901899347869916,False
1589,BEN-001589,6,7916.666666666667,12000.0,47500.0,0.6597222222222222,0.4304462889684012,False
1590,BEN-001590,5,7100.0,12000.0,35500.0,0.5916666666666667,0.4152815197192949,False
1591,BEN-001591,6,8166.666666666667,0.0,49000.0,8.166666666666668,0.5719803309409587,False
1592,BEN-001592,6,6833.333333333333,20000.0,41000.0,0.3416666666666667,0.43678032518930676,False
1593,BEN-001593,6,7833.333333333333,8000.0,47000.0,0.9791666666666666,0.43812093127482565,False
1596,BEN-001596,6,7833.333333333333,8000.0,47000.0,0.9791666666666666,0.43812093127482565,False
1597,BEN-001597,5,7600.0,12000.0,38000.0,0.6333333333333333,0.42745141384295837,False
1599,BEN-001599,5,7300.0,12000.0,36500.0,0.6083333333333333,0.41475001868385547,False
1600,BEN-001600,5,7800.0,20000.0,39000.0,0.39,0.4529329414672538,False
1602,BEN-001602,4,7250.0,15000.0,29000.0,0.48333333333333334,0.5220834105855772,False
1605,BEN-001605,4,8500.0,5000.0,34000.0,1.7,0.5942780499036261,False
1608,BEN-001608,5,7500.0,20000.0,37500.0,0.375,0.4515968197417531,False
1609,BEN-001609,6,7083.333333333333,5000.0,42500.0,1.4166666666666665,0.4427695234653637,False
1610,BEN-001610,4,7875.0,5000.0,31500.0,1.575,0.5604540703706612,False
1612,BEN-001612,6,7500.0,20000.0,45000.0,0.375,0.4290307548788125,False
1613,BEN-001613,5,8100.0,25000.0,40500.0,0.324,0.492682883766381,False
1614,BEN-001614,5,6800.0,12000.0,34000.0,0.5666666666666667,0.4293109467992621,False
1616,BEN-001616,5,6600.0,25000.0,33000.0,0.264,0.5096543233476702,False
1618,BEN-001618,6,6166.666666666667,20000.0,37000.0,0.30833333333333335,0.4889137902973353,False
1621,BEN-001621,6,7833.333333333333,25000.0,47000.0,0.3133333333333333,0.4689780908144831,False
1623,BEN-001623,6,6666.666666666667,12000.0,40000.0,0.5555555555555556,0.4154580577756046,False
1624,BEN-001624,6,7833.333333333333,8000.0,47000.0,0.9791666666666666,0.43812093127482565,False
1626,BEN-001626,6,6833.333333333333,25000.0,41000.0,0.2733333333333333,0.46187588284719283,False
1627,BEN-001627,5,8200.0,0.0,41000.0,8.2,0.591992072949125,False
1629,BEN-001629,5,7300.0,0.0,36500.0,7.3,0.541735628629666,False
1630,BEN-001630,6,6166.666666666667,25000.0,37000.0,0.24666666666666667,0.5300490544418268,False
1632,BEN-001632,6,6800.0,0.0,40800.0,6.8,0.5046534724990366,False
1634,BEN-001634,5,6300.0,8000.0,31500.0,0.7875,0.4779975383214735,False
1635,BEN-001635,6,7416.666666666667,0.0,44500.0,7.416666666666667,0.4981384740234462,False
1636,BEN-001636,6,7333.333333333333,12000.0,44000.0,0.611111111111111,0.4067260215275148,False
1637,BEN-001637,5,7875.0,0.0,39375.0,7.875,0.5667099004570744,False
1638,BEN-001638,6,7500.0,8000.0,45000.0,0.9375,0.42721708784047296,False
1639,BEN-001639,6,7700.0,15000.0,46200.0,0.5133333333333333,0.4212651829590082,False
1640,BEN-001640,6,6916.666666666667,12000.0,41500.0,0.576388888888889,0.4079733186636438,False
1641,BEN-001641,6,7833.333333333333,8000.0,47000.0,0.9791666666666666,0.43812093127482565,False
1642,BEN-001642,5,8200.0,0.0,41000.0,8.2,0.591992072949125,False
1643,BEN-001643,5,6600.0,20000.0,33000.0,0.33,0.4747531818866664,False
1644,BEN-001644,6,7666.666666666667,8000.0,46000.0,0.9583333333333334,0.43070457535883455,False
1645,BEN-001645,6,7333.333333333333,0.0,44000.0,7.333333333333333,0.49684475640385023,False
1649,BEN-001649,6,8166.666666666667,8000.0,49000.0,1.0208333333333335,0.4656578156393299,False
1650,BEN-001650,5,6500.0,8000.0,32500.0,0.8125,0.45915083091981923,False
1651,BEN-001651,6,6250.0,0.0,37500.0,6.25,0.5596841383129003,False
1652,BEN-001652,6,7000.0,20000.0,42000.0,0.35,0.4296596198426171,False
1653,BEN-001653,6,6583.333333333333,8000.0,39500.0,0.8229166666666666,0.43844104793285993,False
1654,BEN-001654,6,7916.666666666667,12000.0,47500.0,0.6597222222222222,0.4304462889684012,False
1656,BEN-001656,6,5916.666666666667,20000.0,35500.0,0.29583333333333334,0.5156552956770208,False
1658,BEN-001658,4,6250.0,12000.0,25000.0,0.5208333333333334,0.5682342337333225,False
1659,BEN-001659,6,7250.0,12000.0,43500.0,0.6041666666666666,0.40348911015316136,False
1662,BEN-001662,5,7800.0,20000.0,39000.0,0.39,0.4529329414672538,False
1663,BEN-001663,6,6583.333333333333,20000.0,39500.0,0.32916666666666666,0.4535200561063745,False
1665,BEN-001665,6,8500.0,0.0,51000.0,8.5,0.6015642015568502,True
1666,BEN-001666,6,6083.333333333333,8000.0,36500.0,0.7604166666666666,0.4827604142442831,False
1669,BEN-001669,6,7333.333333333333,5000.0,44000.0,1.4666666666666666,0.43883584308070206,False
1670,BEN-001670,6,7416.666666666667,0.0,44500.0,7.416666666666667,0.4981384740234462,False
1671,BEN-001671,6,6333.333333333333,12000.0,38000.0,0.5277777777777778,0.44156220292603443,False
1672,BEN-001672,5,6600.0,15000.0,33000.0,0.44,0.453615452753804,False
1673,BEN-001673,5,8700.0,8000.0,43500.0,1.0875,0.5148506425027433,False
1674,BEN-001674,6,6833.333333333333,8000.0,41000.0,0.8541666666666666,0.42597710088881346,False
1676,BEN-001676,5,8400.0,20000.0,42000.0,0.42,0.4956113035111442,False
1677,BEN-001677,6,6800.0,12000.0,40800.0,0.5666666666666667,0.41105680079419926,False
1678,BEN-001678,6,7333.333333333333,25000.0,44000.0,0.29333333333333333,0.44446790144816445,False
1680,BEN-001680,5,7300.0,0.0,36500.0,7.3,0.541735628629666,False
1681,BEN-001681,5,6400.0,15000.0,32000.0,0.4266666666666667,0.4636637615106712,False
1683,BEN-001683,5,7700.0,5000.0,38500.0,1.54,0.47091922038900197,False
1684,BEN-001684,5,8400.0,20000.0,42000.0,0.42,0.4956113035111442,False
1686,BEN-001686,5,7300.0,25000.0,36500.0,0.292,0.47220770336561596,False
1687,BEN-001687,6,7250.0,20000.0,43500.0,0.3625,0.4263457028701548,False
1688,BEN-001688,5,8000.0,20000.0,40000.0,0.4,0.46581108016345074,False
1692,BEN-001692,4,8500.0,25000.0,34000.0,0.34,0.5968032634297642,False
1695,BEN-001695,5,7750.0,12000.0,38750.0,0.6458333333333334,0.4302609092178517,False
1696,BEN-001696,6,6583.333333333333,12000.0,39500.0,0.548611111111111,0.4192472104853289,False
1697,BEN-001697,6,8083.333333333333,0.0,48500.0,8.083333333333332,0.5580103868633044,False
1703,BEN-001703,5,8300.0,5000.0,41500.0,1.66,0.5112545589123725,False
1704,BEN-001704,6,6833.333333333333,12000.0,41000.0,0.5694444444444444,0.40927566652395114,False
1705,BEN-001705,5,7300.0,15000.0,36500.0,0.4866666666666667,0.4248542386040857,False
1710,BEN-001710,6,7250.0,15000.0,43500.0,0.48333333333333334,0.40437264834463044,False
1712,BEN-001712,5,7000.0,8000.0,35000.0,0.875,0.4322568061059011,False
1714,BEN-001714,6,8166.666666666667,5000.0,49000.0,1.6333333333333333,0.4842889068252078,False
1719,BEN-001719,5,8500.0,5000.0,42500.0,1.7,0.5327942145679732,False
1720,BEN-001720,6,7750.0,8000.0,46500.0,0.96875,0.43302564881072286,False
1725,BEN-001725,5,8500.0,5000.0,42500.0,1.7,0.5327942145679732,False
1726,BEN-001726,6,8250.0,5000.0,49500.0,1.65,0.49556774563240674,False
1728,BEN-001728,5,8800.0,12000.0,44000.0,0.7333333333333333,0.5157928055218067,False
1729,BEN-001729,6,7250.0,5000.0,43500.0,1.45,0.4363246041627491,False
1730,BEN-001730,6,8583.333333333334,8000.0,51500.0,1.0729166666666667,0.5068528515644815,False
1733,BEN-001733,6,7500.0,25000.0,45000.0,0.3,0.45277620909754823,False
1734,BEN-001734,6,7000.0,8000.0,42000.0,0.875,0.421200081245371,False
1737,BEN-001737,6,6916.666666666667,12000.0,41500.0,0.576388888888889,0.4079733186636438,False
1738,BEN-001738,6,6916.666666666667,0.0,41500.0,6.916666666666667,0.5010318052400352,False
1739,BEN-001739,6,7416.666666666667,20000.0,44500.0,0.37083333333333335,0.4274387057758258,False
1742,BEN-001742,5,6900.0,12000.0,34500.0,0.575,0.4251451617751825,False
1743,BEN-001743,6,7416.666666666667,12000.0,44500.0,0.6180555555555556,0.4089725322916821,False
1750,BEN-001750,6,8416.666666666666,0.0,50500.0,8.416666666666666,0.5950565233851196,False
1751,BEN-001751,6,6583.333333333333,15000.0,39500.0,0.4388888888888889,0.42998586023902674,False
1758,BEN-001758,6,8416.666666666666,5000.0,50500.0,1.6833333333333331,0.5141261768159512,False
1761,BEN-001761,5,7700.0,25000.0,38500.0,0.308,0.47398563689033624,False
1762,BEN-001762,5,9000.0,25000.0,45000.0,0.36,0.5816437278040086,False
1763,BEN-001763,5,6900.0,0.0,34500.0,6.9,0.5460357971401621,False
1764,BEN-001764,5,7125.0,25000.0,35625.0,0.285,0.47125199957263575,False
1765,BEN-001765,6,8166.666666666667,20000.0,49000.0,0.4083333333333333,0.46495258305805265,False
1766,BEN-001766,6,8666.666666666666,12000.0,52000.0,0.7222222222222222,0.5111325953971163,False
1770,BEN-001770,5,7800.0,5000.0,39000.0,1.56,0.4779972280459396,False
1772,BEN-001772,6,8083.333333333333,15000.0,48500.0,0.5388888888888889,0.4447720867425217,False
1773,BEN-001773,5,7000.0,12000.0,35000.0,0.5833333333333334,0.41806574812352487,False
1774,BEN-001774,5,7000.0,25000.0,35000.0,0.28,0.4735747231491086,False
1776,BEN-001776,5,6700.0,25000.0,33500.0,0.268,0.49607444329897005,False
1777,BEN-001777,5,5700.0,5000.0,28500.0,1.14,0.5603502934829995,False
1778,BEN-001778,6,8916.666666666666,0.0,53500.0,8.916666666666666,0.6571934280513674,True
1779,BEN-001779,6,8000.0,15000.0,48000.0,0.5333333333333333,0.4377274688223761,False
1781,BEN-001781,6,6166.666666666667,5000.0,37000.0,1.2333333333333334,0.503234288376343,False
1782,BEN-001782,6,7583.333333333333,0.0,45500.0,7.583333333333333,0.5139417330673225,False
1783,BEN-001783,6,7833.333333333333,12000.0,47000.0,0.6527777777777778,0.42515396698130953,False
1784,BEN-001784,6,7750.0,15000.0,46500.0,0.5166666666666667,0.4239971786809844,False
1785,BEN-001785,5,7250.0,12000.0,36250.0,0.6041666666666666,0.41593264551279385,False
1786,BEN-001786,5,7800.0,12000.0,39000.0,0.65,0.4322718669614045,False
1787,BEN-001787,6,7333.333333333333,5000.0,44000.0,1.4666666666666666,0.43883584308070206,False
1788,BEN-001788,6,8666.666666666666,25000.0,52000.0,0.3466666666666666,0.5565147519900793,False
1790,BEN-001790,6,7250.0,0.0,43500.0,7.25,0.4999666522983651,False
1791,BEN-001791,6,7333.333333333333,0.0,44000.0,7.333333333333333,0.49684475640385023,False
1792,BEN-001792,6,8416.666666666666,5000.0,50500.0,1.6833333333333331,0.5141261768159512,False
1793,BEN-001793,5,8250.0,20000.0,41250.0,0.4125,0.4801814098880803,False
1794,BEN-001794,6,8500.0,5000.0,51000.0,1.7,0.5227407196224254,False
1798,BEN-001798,6,8000.0,25000.0,48000.0,0.32,0.48675279201205096,False
1799,BEN-001799,4,7625.0,12000.0,30500.0,0.6354166666666666,0.5156950076994724,False
1800,BEN-001800,5,7400.0,5000.0,37000.0,1.48,0.4649646234138344,False
1801,BEN-001801,5,6400.0,20000.0,32000.0,0.32,0.4885567192427497,False
1803,BEN-001803,5,6400.0,5000.0,32000.0,1.28,0.49524520840751496,False
1804,BEN-001804,6,8500.0,5000.0,51000.0,1.7,0.5227407196224254,False
1805,BEN-001805,6,8000.0,20000.0,48000.0,0.4,0.4530384065307242,False
1806,BEN-001806,5,6400.0,12000.0,32000.0,0.5333333333333333,0.4582800730249438,False
1807,BEN-001807,6,7166.666666666667,12000.0,43000.0,0.5972222222222222,0.40173336953596217,False
1808,BEN-001808,6,7600.0,5000.0,45600.0,1.52,0.44922390683203456,False
1809,BEN-001809,4,8125.0,0.0,32500.0,8.125,0.6522433926219781,True
1810,BEN-001810,6,6833.333333333333,5000.0,41000.0,1.3666666666666667,0.45495135764024525,False
1811,BEN-001811,6,8916.666666666666,20000.0,53500.0,0.4458333333333333,0.5570127938737282,False
1817,BEN-001817,5,7300.0,8000.0,36500.0,0.9125,0.43196257100393354,False
1819,BEN-001819,6,8333.333333333334,20000.0,50000.0,0.4166666666666667,0.4819664007277956,False
1820,BEN-001820,6,7666.666666666667,25000.0,46000.0,0.3066666666666667,0.45423809162154843,False
1822,BEN-001822,6,8083.333333333333,12000.0,48500.0,0.673611111111111,0.44428928818675534,False
1823,BEN-001823,6,8100.0,15000.0,48600.0,0.54,0.44663400038848344,False
1828,BEN-001828,6,7166.666666666667,20000.0,43000.0,0.35833333333333334,0.42430872113656887,False
1829,BEN-001829,6,7083.333333333333,0.0,42500.0,7.083333333333333,0.5032539404610213,False
1830,BEN-001830,4,7250.0,0.0,29000.0,7.25,0.6259566565493692,True
1832,BEN-001832,6,5500.0,25000.0,33000.0,0.22,0.5934299946038806,False
1834,BEN-001834,5,9100.0,25000.0,45500.0,0.364,0.5881099588065637,False
1836,BEN-001836,6,7250.0,5000.0,43500.0,1.45,0.4363246041627491,False
1837,BEN-001837,6,6250.0,8000.0,37500.0,0.78125,0.46567741100899857,False
1839,BEN-001839,6,7333.333333333333,12000.0,44000.0,0.611111111111111,0.4067260215275148,False
1840,BEN-001840,6,6916.666666666667,25000.0,41500.0,0.27666666666666667,0.4556777336727081,False
1841,BEN-001841,5,8200.0,15000.0,41000.0,0.5466666666666666,0.4608957416972544,False
1842,BEN-001842,5,8600.0,15000.0,43000.0,0.5733333333333334,0.49032251439263874,False
1846,BEN-001846,6,6500.0,20000.0,39000.0,0.325,0.4549808166847371,False
1847,BEN-001847,5,7300.0,25000.0,36500.0,0.292,0.47220770336561596,False
1848,BEN-001848,6,7083.333333333333,12000.0,42500.0,0.5902777777777778,0.40405393846082466,False
1849,BEN-001849,6,6916.666666666667,25000.0,41500.0,0.27666666666666667,0.4556777336727081,False
1851,BEN-001851,6,7583.333333333333,12000.0,45500.0,0.6319444444444444,0.4160499050760776,False
1852,BEN-001852,6,7000.0,12000.0,42000.0,0.5833333333333334,0.40427342282283896,False
1854,BEN-001854,4,6625.0,0.0,26500.0,6.625,0.644731692693013,True
1856,BEN-001856,6,7416.666666666667,15000.0,44500.0,0.49444444444444446,0.4074016837132436,False
1859,BEN-001859,5,7700.0,12000.0,38500.0,0.6416666666666667,0.4283431948729701,False
1860,BEN-001860,6,7800.0,5000.0,46800.0,1.56,0.456590113168668,False
1861,BEN-001861,6,7416.666666666667,15000.0,44500.0,0.49444444444444446,0.4074016837132436,False
1863,BEN-001863,5,7000.0,25000.0,35000.0,0.28,0.4735747231491086,False
1871,BEN-001871,6,6833.333333333333,15000.0,41000.0,0.45555555555555555,0.4165639860726367,False
1872,BEN-001872,5,8200.0,15000.0,41000.0,0.5466666666666666,0.4608957416972544,False
1874,BEN-001874,6,6583.333333333333,15000.0,39500.0,0.4388888888888889,0.42998586023902674,False
1875,BEN-001875,4,7833.333333333333,12000.0,31333.333333333332,0.6527777777777778,0.5178640475154731,False
1876,BEN-001876,6,8833.333333333334,8000.0,53000.0,1.1041666666666667,0.5465958905219481,False
1877,BEN-001877,5,7000.0,25000.0,35000.0,0.28,0.4735747231491086,False
1878,BEN-001878,5,9100.0,0.0,45500.0,9.1,0.6704238286370772,True
1881,BEN-001881,6,7750.0,8000.0,46500.0,0.96875,0.43302564881072286,False
1884,BEN-001884,5,7800.0,0.0,39000.0,7.8,0.5591434510886998,False
1885,BEN-001885,5,7800.0,8000.0,39000.0,0.975,0.44965083283826773,False
1887,BEN-001887,6,7500.0,20000.0,45000.0,0.375,0.4290307548788125,False
1888,BEN-001888,5,8700.0,0.0,43500.0,8.7,0.642444448747295,True
1889,BEN-001889,6,7250.0,12000.0,43500.0,0.6041666666666666,0.40348911015316136,False
1895,BEN-001895,6,5583.333333333333,8000.0,33500.0,0.6979166666666666,0.527796830335818,False
1897,BEN-001897,6,6916.666666666667,25000.0,41500.0,0.27666666666666667,0.4556777336727081,False
1899,BEN-001899,6,7166.666666666667,8000.0,43000.0,0.8958333333333334,0.4180836481624833,False
1902,BEN-001902,6,7666.666666666667,20000.0,46000.0,0.38333333333333336,0.4350890415164608,False
1903,BEN-001903,6,7333.333333333333,0.0,44000.0,7.333333333333333,0.49684475640385023,False
1904,BEN-001904,4,6750.0,12000.0,27000.0,0.5625,0.5328114307884304,False
1905,BEN-001905,6,7333.333333333333,5000.0,44000.0,1.4666666666666666,0.43883584308070206,False
1907,BEN-001907,5,6600.0,15000.0,33000.0,0.44,0.453615452753804,False
1909,BEN-001909,5,7200.0,15000.0,36000.0,0.48,0.4235418833812642,False
1912,BEN-001912,5,7300.0,8000.0,36500.0,0.9125,0.43196257100393354,False
1913,BEN-001913,6,7500.0,25000.0,45000.0,0.3,0.45277620909754823,False
1917,BEN-001917,4,7750.0,25000.0,31000.0,0.31,0.5599544203400715,False
1918,BEN-001918,6,6900.0,15000.0,41400.0,0.46,0.41531355180744506,False
1920,BEN-001920,6,7333.333333333333,12000.0,44000.0,0.611111111111111,0.4067260215275148,False
1922,BEN-001922,6,7333.333333333333,12000.0,44000.0,0.611111111111111,0.4067260215275148,False
1926,BEN-001926,4,6500.0,20000.0,26000.0,0.325,0.5741180807249764,False
1929,BEN-001929,5,7900.0,25000.0,39500.0,0.316,0.4801006482888235,False
1930,BEN-001930,5,8300.0,0.0,41500.0,8.3,0.604385274944183,True
1931,BEN-001931,5,8300.0,12000.0,41500.0,0.6916666666666667,0.46380809745531704,False
1933,BEN-001933,5,7250.0,15000.0,36250.0,0.48333333333333334,0.4254796417388375,False
1934,BEN-001934,5,6400.0,20000.0,32000.0,0.32,0.4885567192427497,False
1937,BEN-001937,4,8500.0,12000.0,34000.0,0.7083333333333334,0.556990527482257,False
1939,BEN-001939,6,6833.333333333333,12000.0,41000.0,0.5694444444444444,0.40927566652395114,False
1940,BEN-001940,6,8833.333333333334,0.0,53000.0,8.833333333333334,0.6506302666083289,True
1941,BEN-001941,6,8333.333333333334,0.0,50000.0,8.333333333333334,0.5853096902989801,False
1942,BEN-001942,6,6083.333333333333,8000.0,36500.0,0.7604166666666666,0.4827604142442831,False
1943,BEN-001943,6,7166.666666666667,12000.0,43000.0,0.5972222222222222,0.40173336953596217,False
1944,BEN-001944,5,7900.0,8000.0,39500.0,0.9875,0.4578518223220981,False
1945,BEN-001945,6,6833.333333333333,15000.0,41000.0,0.45555555555555555,0.4165639860726367,False
1950,BEN-001950,6,7250.0,25000.0,43500.0,0.29,0.4431079978007452,False
1952,BEN-001952,5,7000.0,12000.0,35000.0,0.5833333333333334,0.41806574812352487,False
1953,BEN-001953,6,8000.0,12000.0,48000.0,0.6666666666666666,0.4369191000665728,False
1957,BEN-001957,6,6916.666666666667,5000.0,41500.0,1.3833333333333333,0.4523822031134625,False
1960,BEN-001960,6,6666.666666666667,25000.0,40000.0,0.26666666666666666,0.47817892025451136,False
1961,BEN-001961,6,8500.0,25000.0,51000.0,0.34,0.5313912719435413,False
1964,BEN-001964,5,7400.0,25000.0,37000.0,0.296,0.47321597876348437,False
1966,BEN-001966,6,7250.0,12000.0,43500.0,0.6041666666666666,0.40348911015316136,False
1967,BEN-001967,6,7083.333333333333,25000.0,42500.0,0.2833333333333333,0.4467954538042788,False
1972,BEN-001972,6,8083.333333333333,5000.0,48500.0,1.6166666666666667,0.47705454371459494,False
1973,BEN-001973,6,7583.333333333333,15000.0,45500.0,0.5055555555555555,0.4152210396455836,False
1977,BEN-001977,6,7083.333333333333,8000.0,42500.0,0.8854166666666666,0.4196600686541553,False
1978,BEN-001978,6,7800.0,8000.0,46800.0,0.975,0.43493653524814624,False
1980,BEN-001980,6,7250.0,25000.0,43500.0,0.29,0.4431079978007452,False
1982,BEN-001982,3,6833.333333333333,8000.0,20500.0,0.8541666666666666,0.6478870929779843,True
1985,BEN-001985,5,7900.0,12000.0,39500.0,0.6583333333333333,0.437519001428151,False
1990,BEN-001990,4,8500.0,5000.0,34000.0,1.7,0.5942780499036261,False
1991,BEN-001991,6,5800.0,12000.0,34800.0,0.48333333333333334,0.49499691098194115,False
1992,BEN-001992,6,7416.666666666667,8000.0,44500.0,0.9270833333333334,0.4221969531440606,False
1994,BEN-001994,6,7166.666666666667,8000.0,43000.0,0.8958333333333334,0.4180836481624833,False
1997,BEN-001997,6,7000.0,0.0,42000.0,7.0,0.49953199854908753,False
1998,BEN-001998,6,8000.0,15000.0,48000.0,0.5333333333333333,0.4377274688223761,False
2000,BEN-002000,4,7833.333333333333,12000.0,31333.333333333332,0.6527777777777778,0.5178640475154731,False
2001,BEN-002001,6,6083.333333333333,12000.0,36500.0,0.5069444444444444,0.4624347939471603,False
2002,BEN-002002,5,8125.0,25000.0,40625.0,0.325,0.4965043586292498,False
2003,BEN-002003,5,6600.0,5000.0,33000.0,1.32,0.4828943798884389,False
2004,BEN-002004,6,6916.666666666667,5000.0,41500.0,1.3833333333333333,0.4523822031134625,False
2007,BEN-002007,5,7400.0,20000.0,37000.0,0.37,0.4477361296178515,False
2009,BEN-002009,5,7000.0,8000.0,35000.0,0.875,0.4322568061059011,False
2013,BEN-002013,6,8333.333333333334,12000.0,50000.0,0.6944444444444445,0.46976835617990004,False
2014,BEN-002014,5,6500.0,5000.0,32500.0,1.3,0.48647911297060953,False
2016,BEN-002016,5,6900.0,8000.0,34500.0,0.8625,0.4378469004866152,False
2017,BEN-002017,6,6666.666666666667,12000.0,40000.0,0.5555555555555556,0.4154580577756046,False
2018,BEN-002018,5,6500.0,20000.0,32500.0,0.325,0.4800710391808187,False
2019,BEN-002019,6,6250.0,0.0,37500.0,6.25,0.5596841383129003,False
2020,BEN-002020,6,7750.0,8000.0,46500.0,0.96875,0.43302564881072286,False
2022,BEN-002022,7,7714.285714285715,0.0,54000.0,7.714285714285714,0.635531041836637,True
2023,BEN-002023,6,6916.666666666667,8000.0,41500.0,0.8645833333333334,0.42374081596835644,False
2024,BEN-002024,5,6100.0,8000.0,30500.0,0.7625,0.502889793272075,False
2025,BEN-002025,6,7416.666666666667,0.0,44500.0,7.416666666666667,0.4981384740234462,False
2028,BEN-002028,4,7750.0,20000.0,31000.0,0.3875,0.5435904971402921,False
2031,BEN-002031,6,7666.666666666667,20000.0,46000.0,0.38333333333333336,0.4350890415164608,False
2032,BEN-002032,6,7500.0,20000.0,45000.0,0.375,0.4290307548788125,False
2035,BEN-002035,5,6300.0,8000.0,31500.0,0.7875,0.4779975383214735,False
2036,BEN-002036,6,7250.0,15000.0,43500.0,0.48333333333333334,0.40437264834463044,False
2037,BEN-002037,6,7750.0,25000.0,46500.0,0.31,0.4615567786804201,False
2039,BEN-002039,6,6833.333333333333,20000.0,41000.0,0.3416666666666667,0.43678032518930676,False
2041,BEN-002041,6,7500.0,5000.0,45000.0,1.5,0.4470976360203204,False
2042,BEN-002042,6,6500.0,5000.0,39000.0,1.3,0.4772747668548736,False
2043,BEN-002043,6,7416.666666666667,8000.0,44500.0,0.9270833333333334,0.4221969531440606,False
2044,BEN-002044,6,7750.0,8000.0,46500.0,0.96875,0.43302564881072286,False
2049,BEN-002049,6,6916.666666666667,8000.0,41500.0,0.8645833333333334,0.42374081596835644,False
2050,BEN-002050,4,5875.0,12000.0,23500.0,0.4895833333333333,0.5930041920436244,False
2051,BEN-002051,6,6666.666666666667,8000.0,40000.0,0.8333333333333334,0.43126096278501047,False
2052,BEN-002052,6,6416.666666666667,5000.0,38500.0,1.2833333333333334,0.481838572795544,False
2053,BEN-002053,5,6800.0,25000.0,34000.0,0.272,0.488546998259088,False
2055,BEN-002055,6,7166.666666666667,5000.0,43000.0,1.4333333333333333,0.4407952645432852,False
2056,BEN-002056,5,5800.0,12000.0,29000.0,0.48333333333333334,0.5171571554130643,False
2057,BEN-002057,6,6800.0,8000.0,40800.0,0.85,0.4271856687639202,False
2061,BEN-002061,5,7600.0,0.0,38000.0,7.6,0.5460749826577526,False
2062,BEN-002062,6,7583.333333333333,12000.0,45500.0,0.6319444444444444,0.4160499050760776,False
2063,BEN-002063,7,8571.42857142857,8000.0,59999.99999999999,1.0714285714285714,0.6259761726318337,True
2065,BEN-002065,6,6916.666666666667,0.0,41500.0,6.916666666666667,0.5010318052400352,False
2070,BEN-002070,4,5500.0,12000.0,22000.0,0.4583333333333333,0.6120026833786048,True
2071,BEN-002071,5,8200.0,5000.0,41000.0,1.64,0.5030465647136022,False
2072,BEN-002072,6,7666.666666666667,12000.0,46000.0,0.638888888888889,0.41826353361119567,False
2074,BEN-002074,5,6400.0,0.0,32000.0,6.4,0.5807929411788565,False
2078,BEN-002078,6,8250.0,20000.0,49500.0,0.4125,0.4728093211994067,False
2080,BEN-002080,6,7250.0,15000.0,43500.0,0.48333333333333334,0.40437264834463044,False
2081,BEN-002081,6,6500.0,20000.0,39000.0,0.325,0.4549808166847371,False
2083,BEN-002083,5,7500.0,25000.0,37500.0,0.3,0.4732730175251475,False
2084,BEN-002084,6,7100.0,20000.0,42600.0,0.355,0.42569044537062617,False
2085,BEN-002085,6,7416.666666666667,15000.0,44500.0,0.49444444444444446,0.4074016837132436,False
2087,BEN-002087,5,7000.0,12000.0,35000.0,0.5833333333333334,0.41806574812352487,False
2088,BEN-002088,6,7700.0,12000.0,46200.0,0.6416666666666667,0.4196942037046487,False
2091,BEN-002091,6,7250.0,20000.0,43500.0,0.3625,0.4263457028701548,False
2092,BEN-002092,6,6583.333333333333,15000.0,39500.0,0.4388888888888889,0.42998586023902674,False
2096,BEN-002096,5,8300.0,25000.0,41500.0,0.332,0.5042813938598866,False
2097,BEN-002097,6,8833.333333333334,15000.0,53000.0,0.5888888888888889,0.5445368657373535,False
2101,BEN-002101,5,6600.0,12000.0,33000.0,0.55,0.44355635627588713,False
2102,BEN-002102,5,6600.0,15000.0,33000.0,0.44,0.453615452753804,False
2103,BEN-002103,4,8250.0,20000.0,33000.0,0.4125,0.5647760149370117,False
2104,BEN-002104,6,6916.666666666667,8000.0,41500.0,0.8645833333333334,0.42374081596835644,False
2105,BEN-002105,6,7416.666666666667,15000.0,44500.0,0.49444444444444446,0.4074016837132436,False
2110,BEN-002110,5,8200.0,25000.0,41000.0,0.328,0.49788388738388234,False
2112,BEN-002112,6,6166.666666666667,25000.0,37000.0,0.24666666666666667,0.5300490544418268,False
2113,BEN-002113,6,7083.333333333333,8000.0,42500.0,0.8854166666666666,0.4196600686541553,False
2115,BEN-002115,6,7583.333333333333,5000.0,45500.0,1.5166666666666666,0.4490812783808523,False
2117,BEN-002117,4,7625.0,12000.0,30500.0,0.6354166666666666,0.5156950076994724,False
2118,BEN-002118,6,7166.666666666667,8000.0,43000.0,0.8958333333333334,0.4180836481624833,False
2119,BEN-002119,5,6000.0,20000.0,30000.0,0.3,0.5277905657966181,False
2122,BEN-002122,4,7500.0,8000.0,30000.0,0.9375,0.5204363529081811,False
2124,BEN-002124,6,7666.666666666667,12000.0,46000.0,0.638888888888889,0.41826353361119567,False
2127,BEN-002127,5,7200.0,15000.0,36000.0,0.48,0.4235418833812642,False
2128,BEN-002128,6,7833.333333333333,5000.0,47000.0,1.5666666666666667,0.4591394347786999,False
2129,BEN-002129,6,6750.0,0.0,40500.0,6.75,0.5104138123828107,False
2134,BEN-002134,6,7083.333333333333,15000.0,42500.0,0.4722222222222222,0.40925197367048816,False
2135,BEN-002135,6,7333.333333333333,20000.0,44000.0,0.36666666666666664,0.4273329462960274,False
2136,BEN-002136,6,7166.666666666667,8000.0,43000.0,0.8958333333333334,0.4180836481624833,False
2137,BEN-002137,5,6100.0,5000.0,30500.0,1.22,0.5259732250098735,False
2138,BEN-002138,6,6400.0,8000.0,38400.0,0.8,0.45347484501584706,False
2140,BEN-002140,6,8416.666666666666,25000.0,50500.0,0.33666666666666667,0.5244208363380363,False
2142,BEN-002142,6,8166.666666666667,25000.0,49000.0,0.32666666666666666,0.4982714759557875,False
2144,BEN-002144,6,7666.666666666667,12000.0,46000.0,0.638888888888889,0.41826353361119567,False
2146,BEN-002146,6,8583.333333333334,15000.0,51500.0,0.5722222222222223,0.5020075596000225,False
2148,BEN-002148,6,7916.666666666667,15000.0,47500.0,0.5277777777777778,0.43261365428474324,False
2149,BEN-002149,6,7750.0,20000.0,46500.0,0.3875,0.4396754891280174,False
2150,BEN-002150,6,6833.333333333333,15000.0,41000.0,0.45555555555555555,0.4165639860726367,False
2151,BEN-002151,5,7400.0,12000.0,37000.0,0.6166666666666667,0.4173940797277093,False
2152,BEN-002152,6,7583.333333333333,20000.0,45500.0,0.37916666666666665,0.4307346020216096,False
2153,BEN-002153,5,5900.0,12000.0,29500.0,0.49166666666666664,0.5092937085703018,False
2154,BEN-002154,5,6900.0,20000.0,34500.0,0.345,0.45163077072691465,False
2155,BEN-002155,6,7083.333333333333,25000.0,42500.0,0.2833333333333333,0.4467954538042788,False
2158,BEN-002158,5,8875.0,5000.0,44375.0,1.775,0.5701645552005069,False
2159,BEN-002159,6,7666.666666666667,8000.0,46000.0,0.9583333333333334,0.43070457535883455,False
2161,BEN-002161,6,6750.0,0.0,40500.0,6.75,0.5104138123828107,False
2163,BEN-002163,6,6083.333333333333,15000.0,36500.0,0.40555555555555556,0.47314134518510853,False
2166,BEN-002166,5,5900.0,8000.0,29500.0,0.7375,0.5206062729466608,False
2167,BEN-002167,6,7416.666666666667,20000.0,44500.0,0.37083333333333335,0.4274387057758258,False
2169,BEN-002169,5,6800.0,12000.0,34000.0,0.5666666666666667,0.4293109467992621,False
2170,BEN-002170,6,8166.666666666667,15000.0,49000.0,0.5444444444444445,0.4555328404631699,False
2172,BEN-002172,6,6750.0,12000.0,40500.0,0.5625,0.41577902573345865,False
2174,BEN-002174,6,6583.333333333333,25000.0,39500.0,0.2633333333333333,0.49160339313732887,False
2175,BEN-002175,5,7625.0,12000.0,38125.0,0.6354166666666666,0.42733379313129705,False
2176,BEN-002176,6,7200.0,25000.0,43200.0,0.288,0.4433162195297078,False
2178,BEN-002178,5,9200.0,15000.0,46000.0,0.6133333333333333,0.5482321774474062,False
2181,BEN-002181,6,7500.0,5000.0,45000.0,1.5,0.4470976360203204,False
2183,BEN-002183,6,6916.666666666667,15000.0,41500.0,0.46111111111111114,0.4150233608965474,False
2184,BEN-002184,5,7700.0,25000.0,38500.0,0.308,0.47398563689033624,False
2185,BEN-002185,4,6750.0,12000.0,27000.0,0.5625,0.5328114307884304,False
2186,BEN-002186,5,8000.0,25000.0,40000.0,0.32,0.48648742142382084,False
2187,BEN-002187,6,7166.666666666667,5000.0,43000.0,1.4333333333333333,0.4407952645432852,False
2192,BEN-002192,3,6166.666666666667,5000.0,18500.0,1.2333333333333334,0.6881480792718466,True
2193,BEN-002193,6,7583.333333333333,5000.0,45500.0,1.5166666666666666,0.4490812783808523,False
2196,BEN-002196,4,7125.0,20000.0,28500.0,0.35625,0.5472114884078442,False
2197,BEN-002197,6,7833.333333333333,0.0,47000.0,7.833333333333333,0.5313981394594536,False
2198,BEN-002198,6,6833.333333333333,8000.0,41000.0,0.8541666666666666,0.42597710088881346,False
2199,BEN-002199,6,6833.333333333333,15000.0,41000.0,0.45555555555555555,0.4165639860726367,False
2202,BEN-002202,6,7200.0,15000.0,43200.0,0.48,0.40460218907627743,False
2203,BEN-002203,6,6916.666666666667,25000.0,41500.0,0.27666666666666667,0.4556777336727081,False
2205,BEN-002205,4,6750.0,25000.0,27000.0,0.27,0.587181592185773,False
2207,BEN-002207,6,8500.0,5000.0,51000.0,1.7,0.5227407196224254,False
2208,BEN-002208,5,7100.0,5000.0,35500.0,1.42,0.45742148502293734,False
2209,BEN-002209,6,6250.0,8000.0,37500.0,0.78125,0.46567741100899857,False
2210,BEN-002210,5,8700.0,15000.0,43500.0,0.58,0.5031150556173241,False
2211,BEN-002211,6,6200.0,15000.0,37200.0,0.41333333333333333,0.4633618070614813,False
2212,BEN-002212,6,7083.333333333333,25000.0,42500.0,0.2833333333333333,0.4467954538042788,False
2213,BEN-002213,6,7333.333333333333,5000.0,44000.0,1.4666666666666666,0.43883584308070206,False
2214,BEN-002214,4,7875.0,15000.0,31500.0,0.525,0.5247085172444991,False
2215,BEN-002215,6,7500.0,15000.0,45000.0,0.5,0.4119005142784292,False
2216,BEN-002216,6,6833.333333333333,25000.0,41000.0,0.2733333333333333,0.46187588284719283,False
2218,BEN-002218,6,6833.333333333333,15000.0,41000.0,0.45555555555555555,0.4165639860726367,False
2221,BEN-002221,6,8083.333333333333,20000.0,48500.0,0.4041666666666667,0.4597588572066277,False
2223,BEN-002223,6,6916.666666666667,15000.0,41500.0,0.46111111111111114,0.4150233608965474,False
2225,BEN-002225,6,6416.666666666667,5000.0,38500.0,1.2833333333333334,0.481838572795544,False
2230,BEN-002230,5,5200.0,0.0,26000.0,5.2,0.6603791040742522,True
2232,BEN-002232,4,7750.0,20000.0,31000.0,0.3875,0.5435904971402921,False
2233,BEN-002233,6,6800.0,20000.0,40800.0,0.34,0.44049892612417135,False
2234,BEN-002234,5,6625.0,25000.0,33125.0,0.265,0.5068916931358961,False
2238,BEN-002238,4,6875.0,0.0,27500.0,6.875,0.6296784799044448,True
2241,BEN-002241,6,7250.0,12000.0,43500.0,0.6041666666666666,0.40348911015316136,False
2243,BEN-002243,6,7250.0,5000.0,43500.0,1.45,0.4363246041627491,False
2244,BEN-002244,5,9200.0,15000.0,46000.0,0.6133333333333333,0.5482321774474062,False
2245,BEN-002245,6,6833.333333333333,8000.0,41000.0,0.8541666666666666,0.42597710088881346,False
2246,BEN-002246,5,6500.0,25000.0,32500.0,0.26,0.5178689002336896,False
2248,BEN-002248,6,5833.333333333333,12000.0,35000.0,0.4861111111111111,0.4932315912682409,False
2249,BEN-002249,6,6000.0,5000.0,36000.0,1.2,0.5162412347381283,False
2250,BEN-002250,5,7400.0,5000.0,37000.0,1.48,0.4649646234138344,False
2253,BEN-002253,6,7583.333333333333,25000.0,45500.0,0.30333333333333334,0.4554634491427714,False
2254,BEN-002254,6,6833.333333333333,25000.0,41000.0,0.2733333333333333,0.46187588284719283,False
2255,BEN-002255,5,8600.0,5000.0,43000.0,1.72,0.537383268739818,False
2258,BEN-002258,6,6750.0,8000.0,40500.0,0.84375,0.42890957725939516,False
2260,BEN-002260,6,8250.0,8000.0,49500.0,1.03125,0.4789658394396086,False
2261,BEN-002261,5,6700.0,5000.0,33500.0,1.34,0.47492840671124925,False
2262,BEN-002262,6,6800.0,15000.0,40800.0,0.4533333333333333,0.4199934153539962,False
2263,BEN-002263,5,7300.0,20000.0,36500.0,0.365,0.4482162303441208,False
2265,BEN-002265,6,6416.666666666667,25000.0,38500.0,0.25666666666666665,0.5042197856126732,False
2267,BEN-002267,5,7200.0,20000.0,36000.0,0.36,0.4454118436552975,False
2269,BEN-002269,4,6750.0,15000.0,27000.0,0.45,0.5434880364444947,False
2270,BEN-002270,5,7500.0,5000.0,37500.0,1.5,0.46812726430794155,False
2271,BEN-002271,6,6800.0,20000.0,40800.0,0.34,0.44049892612417135,False
2272,BEN-002272,5,5900.0,5000.0,29500.0,1.18,0.5423612901662628,False
2273,BEN-002273,5,7000.0,5000.0,35000.0,1.4,0.45879564436945247,False
2274,BEN-002274,6,6500.0,12000.0,39000.0,0.5416666666666666,0.42662178133339135,False
2275,BEN-002275,5,7500.0,20000.0,37500.0,0.375,0.4515968197417531,False
2277,BEN-002277,6,7416.666666666667,8000.0,44500.0,0.9270833333333334,0.4221969531440606,False
2280,BEN-002280,6,7333.333333333333,20000.0,44000.0,0.36666666666666664,0.4273329462960274,False
2281,BEN-002281,6,6583.333333333333,15000.0,39500.0,0.4388888888888889,0.42998586023902674,False
2282,BEN-002282,5,6600.0,8000.0,33000.0,0.825,0.45402979708631297,False
2285,BEN-002285,6,7583.333333333333,5000.0,45500.0,1.5166666666666666,0.4490812783808523,False
2287,BEN-002287,6,7583.333333333333,5000.0,45500.0,1.5166666666666666,0.4490812783808523,False
2288,BEN-002288,6,6916.666666666667,12000.0,41500.0,0.576388888888889,0.4079733186636438,False
2290,BEN-002290,6,8166.666666666667,5000.0,49000.0,1.6333333333333333,0.4842889068252078,False
2291,BEN-002291,6,6700.0,12000.0,40200.0,0.5583333333333333,0.41486372876931693,False
2292,BEN-002292,4,7000.0,15000.0,28000.0,0.4666666666666667,0.5311404576389889,False
2293,BEN-002293,6,7500.0,15000.0,45000.0,0.5,0.4119005142784292,False
2296,BEN-002296,6,6416.666666666667,0.0,38500.0,6.416666666666667,0.5371498395042439,False
2297,BEN-002297,6,8166.666666666667,0.0,49000.0,8.166666666666668,0.5719803309409587,False
2298,BEN-002298,6,6833.333333333333,25000.0,41000.0,0.2733333333333333,0.46187588284719283,False
2299,BEN-002299,6,6666.666666666667,8000.0,40000.0,0.8333333333333334,0.43126096278501047,False
2301,BEN-002301,6,8416.666666666666,12000.0,50500.0,0.7013888888888888,0.4792551229031541,False
2304,BEN-002304,6,7333.333333333333,25000.0,44000.0,0.29333333333333333,0.44446790144816445,False
2305,BEN-002305,5,6125.0,12000.0,30625.0,0.5104166666666666,0.4864195984054573,False
2306,BEN-002306,5,7400.0,8000.0,37000.0,0.925,0.4330927448626349,False
2309,BEN-002309,6,6700.0,25000.0,40200.0,0.268,0.47619977283802917,False
2310,BEN-002310,6,7166.666666666667,12000.0,43000.0,0.5972222222222222,0.40173336953596217,False
2311,BEN-002311,6,6500.0,12000.0,39000.0,0.5416666666666666,0.42662178133339135,False
2312,BEN-002312,5,8700.0,5000.0,43500.0,1.74,0.5523692691476696,False
2313,BEN-002313,6,8083.333333333333,15000.0,48500.0,0.5388888888888889,0.4447720867425217,False
2315,BEN-002315,6,8833.333333333334,15000.0,53000.0,0.5888888888888889,0.5445368657373535,False
2316,BEN-002316,4,7875.0,15000.0,31500.0,0.525,0.5247085172444991,False
2317,BEN-002317,6,6583.333333333333,12000.0,39500.0,0.548611111111111,0.4192472104853289,False
2322,BEN-002322,5,7600.0,25000.0,38000.0,0.304,0.4746523023951251,False
2326,BEN-002326,6,6500.0,8000.0,39000.0,0.8125,0.4451829032738355,False
2329,BEN-002329,6,6833.333333333333,12000.0,41000.0,0.5694444444444444,0.40927566652395114,False
2330,BEN-002330,6,6000.0,0.0,36000.0,6.0,0.5890692853779764,False
2331,BEN-002331,5,6500.0,25000.0,32500.0,0.26,0.5178689002336896,False
2333,BEN-002333,6,7666.666666666667,5000.0,46000.0,1.5333333333333334,0.4500942050405896,False
2334,BEN-002334,5,9000.0,15000.0,45000.0,0.6,0.5412289645683537,False
2335,BEN-002335,6,6750.0,25000.0,40500.0,0.27,0.4724862487629912,False
2337,BEN-002337,4,8000.0,25000.0,32000.0,0.32,0.5668540887991349,False
2339,BEN-002339,5,7600.0,0.0,38000.0,7.6,0.5460749826577526,False
2340,BEN-002340,6,7916.666666666667,12000.0,47500.0,0.6597222222222222,0.4304462889684012,False
2343,BEN-002343,5,8200.0,20000.0,41000.0,0.41,0.477809243757853,False
2345,BEN-002345,6,6000.0,12000.0,36000.0,0.5,0.4722070705971529,False
2346,BEN-002346,5,6000.0,20000.0,30000.0,0.3,0.5277905657966181,False
2347,BEN-002347,5,7400.0,5000.0,37000.0,1.48,0.4649646234138344,False
2348,BEN-002348,6,7666.666666666667,15000.0,46000.0,0.5111111111111112,0.42030386002186115,False
2349,BEN-002349,4,6375.0,20000.0,25500.0,0.31875,0.583065810675226,False
2350,BEN-002350,5,7700.0,8000.0,38500.0,0.9625,0.44575752687145864,False
2351,BEN-002351,6,7500.0,5000.0,45000.0,1.5,0.4470976360203204,False
2354,BEN-002354,5,8100.0,8000.0,40500.0,1.0125,0.46904178472243163,False
2357,BEN-002357,6,7666.666666666667,25000.0,46000.0,0.3066666666666667,0.45423809162154843,False
2358,BEN-002358,5,7100.0,20000.0,35500.0,0.355,0.4470538662076461,False
2360,BEN-002360,6,7583.333333333333,12000.0,45500.0,0.6319444444444444,0.4160499050760776,False
2361,BEN-002361,4,7750.0,25000.0,31000.0,0.31,0.5599544203400715,False
2363,BEN-002363,5,7100.0,8000.0,35500.0,0.8875,0.43131672532493953,False
2364,BEN-002364,6,6333.333333333333,0.0,38000.0,6.333333333333333,0.5518458007029513,False
2365,BEN-002365,6,7000.0,25000.0,42000.0,0.28,0.44966865686961016,False
2367,BEN-002367,6,7333.333333333333,12000.0,44000.0,0.611111111111111,0.4067260215275148,False
2368,BEN-002368,5,6000.0,0.0,30000.0,6.0,0.6201478197546748,True
2369,BEN-002369,5,7500.0,25000.0,37500.0,0.3,0.4732730175251475,False
2370,BEN-002370,6,7166.666666666667,12000.0,43000.0,0.5972222222222222,0.40173336953596217,False
2372,BEN-002372,5,7200.0,5000.0,36000.0,1.44,0.45818485341656506,False
2373,BEN-002373,6,8083.333333333333,25000.0,48500.0,0.3233333333333333,0.49083177633552044,False
2374,BEN-002374,6,7083.333333333333,8000.0,42500.0,0.8854166666666666,0.4196600686541553,False
2379,BEN-002379,5,7200.0,5000.0,36000.0,1.44,0.45818485341656506,False
2380,BEN-002380,5,8400.0,20000.0,42000.0,0.42,0.4956113035111442,False
2382,BEN-002382,5,6500.0,0.0,32500.0,6.5,0.5732354661150855,False
2385,BEN-002385,6,8500.0,5000.0,51000.0,1.7,0.5227407196224254,False
2387,BEN-002387,5,6800.0,8000.0,34000.0,0.85,0.4421892783990404,False
2389,BEN-002389,6,8083.333333333333,20000.0,48500.0,0.4041666666666667,0.4597588572066277,False
2390,BEN-002390,5,6500.0,20000.0,32500.0,0.325,0.4800710391808187,False
2394,BEN-002394,6,7500.0,0.0,45000.0,7.5,0.5049842080267292,False
2395,BEN-002395,6,7500.0,12000.0,45000.0,0.625,0.4111577820352351,False
2396,BEN-002396,6,6166.666666666667,5000.0,37000.0,1.2333333333333334,0.503234288376343,False
2399,BEN-002399,6,6750.0,8000.0,40500.0,0.84375,0.42890957725939516,False
2400,BEN-002400,5,8000.0,20000.0,40000.0,0.4,0.46581108016345074,False
2401,BEN-002401,6,7416.666666666667,25000.0,44500.0,0.2966666666666667,0.44673503436241024,False
2402,BEN-002402,5,8000.0,0.0,40000.0,8.0,0.5788002970898865,False
2403,BEN-002403,6,7583.333333333333,15000.0,45500.0,0.5055555555555555,0.4152210396455836,False
2404,BEN-002404,5,8300.0,20000.0,41500.0,0.415,0.4825031359693279,False
2405,BEN-002405,6,6916.666666666667,8000.0,41500.0,0.8645833333333334,0.42374081596835644,False
2409,BEN-002409,6,8083.333333333333,0.0,48500.0,8.083333333333332,0.5580103868633044,False
2416,BEN-002416,3,7833.333333333333,5000.0,23500.0,1.5666666666666667,0.6682520842483496,True
2417,BEN-002417,5,7500.0,20000.0,37500.0,0.375,0.4515968197417531,False
2420,BEN-002420,6,7583.333333333333,20000.0,45500.0,0.37916666666666665,0.4307346020216096,False
2422,BEN-002422,6,8833.333333333334,20000.0,53000.0,0.4416666666666667,0.5447394673733483,False
2424,BEN-002424,6,7416.666666666667,8000.0,44500.0,0.9270833333333334,0.4221969531440606,False
2425,BEN-002425,6,7500.0,0.0,45000.0,7.5,0.5049842080267292,False
2430,BEN-002430,6,6000.0,0.0,36000.0,6.0,0.5890692853779764,False
2431,BEN-002431,5,6875.0,12000.0,34375.0,0.5729166666666666,0.4267888750479377,False
2432,BEN-002432,5,6600.0,15000.0,33000.0,0.44,0.453615452753804,False
2434,BEN-002434,4,7875.0,8000.0,31500.0,0.984375,0.5295638606332419,False
2435,BEN-002435,6,6416.666666666667,0.0,38500.0,6.416666666666667,0.5371498395042439,False
2437,BEN-002437,6,8083.333333333333,20000.0,48500.0,0.4041666666666667,0.4597588572066277,False
2439,BEN-002439,6,7333.333333333333,8000.0,44000.0,0.9166666666666666,0.42122345717665527,False
2444,BEN-002444,6,6333.333333333333,5000.0,38000.0,1.2666666666666666,0.4890468966280776,False
2445,BEN-002445,6,6833.333333333333,5000.0,41000.0,1.3666666666666667,0.45495135764024525,False
2447,BEN-002447,6,7666.666666666667,25000.0,46000.0,0.3066666666666667,0.45423809162154843,False
2449,BEN-002449,6,7666.666666666667,25000.0,46000.0,0.3066666666666667,0.45423809162154843,False
2450,BEN-002450,5,7200.0,5000.0,36000.0,1.44,0.45818485341656506,False
2451,BEN-002451,6,7250.0,0.0,43500.0,7.25,0.4999666522983651,False
2454,BEN-002454,5,6500.0,20000.0,32500.0,0.325,0.4800710391808187,False
2456,BEN-002456,6,7300.0,12000.0,43800.0,0.6083333333333333,0.40422663760710287,False
2458,BEN-002458,6,5916.666666666667,20000.0,35500.0,0.29583333333333334,0.5156552956770208,False
2461,BEN-002461,6,8333.333333333334,25000.0,50000.0,0.33333333333333337,0.5175601675251732,False
2462,BEN-002462,5,6700.0,8000.0,33500.0,0.8375,0.446188188169255,False
2470,BEN-002470,6,6500.0,0.0,39000.0,6.5,0.5280884576797203,False
2471,BEN-002471,5,7500.0,15000.0,37500.0,0.5,0.4296067315089946,False
2472,BEN-002472,4,6500.0,8000.0,26000.0,0.8125,0.5570598255447401,False
2473,BEN-002473,5,7500.0,8000.0,37500.0,0.9375,0.43901899347869916,False
2476,BEN-002476,6,7583.333333333333,15000.0,45500.0,0.5055555555555555,0.4152210396455836,False
2477,BEN-002477,6,7416.666666666667,5000.0,44500.0,1.4833333333333334,0.4405125013479692,False
2478,BEN-002478,5,9200.0,12000.0,46000.0,0.7666666666666667,0.5448899722979053,False
2479,BEN-002479,7,7285.714285714285,0.0,51000.0,7.285714285714286,0.6086910223106532,True
2480,BEN-002480,6,6416.666666666667,20000.0,38500.0,0.32083333333333336,0.4641065813001356,False
2482,BEN-002482,5,7700.0,15000.0,38500.0,0.5133333333333333,0.43579017487541133,False
2483,BEN-002483,5,6000.0,12000.0,30000.0,0.5,0.4982238701991868,False
2485,BEN-002485,5,7900.0,12000.0,39500.0,0.6583333333333333,0.437519001428151,False
2487,BEN-002487,7,7714.285714285715,5000.0,54000.0,1.542857142857143,0.5799913589808222,False
2488,BEN-002488,6,7083.333333333333,25000.0,42500.0,0.2833333333333333,0.4467954538042788,False
2489,BEN-002489,6,8083.333333333333,15000.0,48500.0,0.5388888888888889,0.4447720867425217,False
2490,BEN-002490,6,6833.333333333333,12000.0,41000.0,0.5694444444444444,0.40927566652395114,False
2491,BEN-002491,6,8600.0,20000.0,51600.0,0.43,0.5097502820438198,False
2493,BEN-002493,5,7000.0,0.0,35000.0,7.0,0.5403367635786007,False
2494,BEN-002494,5,8000.0,20000.0,40000.0,0.4,0.46581108016345074,False
2497,BEN-002497,5,6400.0,8000.0,32000.0,0.8,0.46820601692135566,False
2499,BEN-002499,6,7166.666666666667,12000.0,43000.0,0.5972222222222222,0.40173336953596217,False
2501,BEN-002501,5,8100.0,0.0,40500.0,8.1,0.5842244501326309,False
2502,BEN-002502,6,7200.0,25000.0,43200.0,0.288,0.4433162195297078,False
2503,BEN-002503,6,7916.666666666667,15000.0,47500.0,0.5277777777777778,0.43261365428474324,False
2504,BEN-002504,6,7666.666666666667,0.0,46000.0,7.666666666666667,0.5191328601472042,False
2507,BEN-002507,6,6000.0,0.0,36000.0,6.0,0.5890692853779764,False
2509,BEN-002509,6,7083.333333333333,5000.0,42500.0,1.4166666666666665,0.4427695234653637,False
2514,BEN-002514,6,6166.666666666667,8000.0,37000.0,0.7708333333333334,0.4772032725292935,False
2517,BEN-002517,5,7000.0,5000.0,35000.0,1.4,0.45879564436945247,False
2518,BEN-002518,6,8166.666666666667,5000.0,49000.0,1.6333333333333333,0.4842889068252078,False
2522,BEN-002522,5,8000.0,15000.0,40000.0,0.5333333333333333,0.4474495353499918,False
2523,BEN-002523,4,7875.0,12000.0,31500.0,0.65625,0.5179745407796379,False
2524,BEN-002524,5,7500.0,5000.0,37500.0,1.5,0.46812726430794155,False
2525,BEN-002525,6,6500.0,8000.0,39000.0,0.8125,0.4451829032738355,False
2526,BEN-002526,6,7333.333333333333,25000.0,44000.0,0.29333333333333333,0.44446790144816445,False
2533,BEN-002533,6,7416.666666666667,5000.0,44500.0,1.4833333333333334,0.4405125013479692,False
2534,BEN-002534,6,6833.333333333333,12000.0,41000.0,0.5694444444444444,0.40927566652395114,False
2535,BEN-002535,6,8083.333333333333,5000.0,48500.0,1.6166666666666667,0.47705454371459494,False
2537,BEN-002537,6,7333.333333333333,25000.0,44000.0,0.29333333333333333,0.44446790144816445,False
2540,BEN-002540,4,8333.333333333334,5000.0,33333.333333333336,1.6666666666666667,0.584385188648406,False
2541,BEN-002541,6,7500.0,15000.0,45000.0,0.5,0.4119005142784292,False
2543,BEN-002543,6,6916.666666666667,8000.0,41500.0,0.8645833333333334,0.42374081596835644,False
2544,BEN-002544,5,6400.0,5000.0,32000.0,1.28,0.49524520840751496,False
2545,BEN-002545,6,6416.666666666667,25000.0,38500.0,0.25666666666666665,0.5042197856126732,False
2546,BEN-002546,6,6000.0,25000.0,36000.0,0.24,0.5476225106768203,False
2550,BEN-002550,6,6833.333333333333,20000.0,41000.0,0.3416666666666667,0.43678032518930676,False
2551,BEN-002551,5,6300.0,8000.0,31500.0,0.7875,0.4779975383214735,False
2557,BEN-002557,4,8875.0,5000.0,35500.0,1.775,0.6171317430318962,True
2558,BEN-002558,5,7000.0,12000.0,35000.0,0.5833333333333334,0.41806574812352487,False
2559,BEN-002559,5,7900.0,25000.0,39500.0,0.316,0.4801006482888235,False
2561,BEN-002561,6,7666.666666666667,8000.0,46000.0,0.9583333333333334,0.43070457535883455,False
2562,BEN-002562,6,6833.333333333333,0.0,41000.0,6.833333333333333,0.5034621553086582,False
2563,BEN-002563,6,7166.666666666667,5000.0,43000.0,1.4333333333333333,0.4407952645432852,False
2568,BEN-002568,6,6833.333333333333,15000.0,41000.0,0.45555555555555555,0.4165639860726367,False
2569,BEN-002569,6,7583.333333333333,25000.0,45500.0,0.30333333333333334,0.4554634491427714,False
2570,BEN-002570,6,7500.0,5000.0,45000.0,1.5,0.4470976360203204,False
2572,BEN-002572,6,8083.333333333333,20000.0,48500.0,0.4041666666666667,0.4597588572066277,False
2573,BEN-002573,6,7416.666666666667,15000.0,44500.0,0.49444444444444446,0.4074016837132436,False
2574,BEN-002574,5,6700.0,20000.0,33500.0,0.335,0.4642680088530084,False
2578,BEN-002578,6,7583.333333333333,25000.0,45500.0,0.30333333333333334,0.4554634491427714,False
2580,BEN-002580,3,7666.666666666667,5000.0,23000.0,1.5333333333333334,0.6665699193680149,True
2581,BEN-002581,5,7400.0,5000.0,37000.0,1.48,0.4649646234138344,False
2583,BEN-002583,6,7500.0,12000.0,45000.0,0.625,0.4111577820352351,False
2584,BEN-002584,5,6600.0,5000.0,33000.0,1.32,0.4828943798884389,False
2585,BEN-002585,6,7000.0,25000.0,42000.0,0.28,0.44966865686961016,False
2588,BEN-002588,5,8100.0,20000.0,40500.0,0.405,0.4730051673727174,False
2590,BEN-002590,5,7700.0,5000.0,38500.0,1.54,0.47091922038900197,False
2591,BEN-002591,5,7000.0,8000.0,35000.0,0.875,0.4322568061059011,False
2592,BEN-002592,3,7333.333333333333,0.0,22000.0,7.333333333333333,0.6960022021032162,True
2594,BEN-002594,6,5166.666666666667,12000.0,31000.0,0.4305555555555556,0.5515585735143435,False
2595,BEN-002595,6,7833.333333333333,20000.0,47000.0,0.39166666666666666,0.44310732626402916,False
2596,BEN-002596,5,7000.0,12000.0,35000.0,0.5833333333333334,0.41806574812352487,False
2598,BEN-002598,6,6583.333333333333,8000.0,39500.0,0.8229166666666666,0.43844104793285993,False
2599,BEN-002599,6,9666.666666666666,0.0,58000.0,9.666666666666666,0.6981459285476639,True
2601,BEN-002601,5,8200.0,12000.0,41000.0,0.6833333333333333,0.45830873614434087,False
2607,BEN-002607,6,7333.333333333333,8000.0,44000.0,0.9166666666666666,0.42122345717665527,False
2609,BEN-002609,6,7416.666666666667,12000.0,44500.0,0.6180555555555556,0.4089725322916821,False
2610,BEN-002610,6,7250.0,8000.0,43500.0,0.90625,0.4178999787288532,False
2611,BEN-002611,6,7416.666666666667,0.0,44500.0,7.416666666666667,0.4981384740234462,False
2613,BEN-002613,6,7583.333333333333,5000.0,45500.0,1.5166666666666666,0.4490812783808523,False
2614,BEN-002614,6,7333.333333333333,15000.0,44000.0,0.4888888888888889,0.4078229721209872,False
2615,BEN-002615,6,6833.333333333333,15000.0,41000.0,0.45555555555555555,0.4165639860726367,False
2619,BEN-002619,5,7750.0,12000.0,38750.0,0.6458333333333334,0.4302609092178517,False
2620,BEN-002620,6,8250.0,20000.0,49500.0,0.4125,0.4728093211994067,False
2621,BEN-002621,5,7000.0,0.0,35000.0,7.0,0.5403367635786007,False
2627,BEN-002627,6,8000.0,15000.0,48000.0,0.5333333333333333,0.4377274688223761,False
2628,BEN-002628,6,6833.333333333333,25000.0,41000.0,0.2733333333333333,0.46187588284719283,False
2630,BEN-002630,6,6916.666666666667,15000.0,41500.0,0.46111111111111114,0.4150233608965474,False
2631,BEN-002631,3,6250.0,15000.0,18750.0,0.4166666666666667,0.6740707181716099,True
2634,BEN-002634,6,7916.666666666667,20000.0,47500.0,0.39583333333333337,0.4465673291275192,False
2635,BEN-002635,5,6000.0,0.0,30000.0,6.0,0.6201478197546748,True
2638,BEN-002638,6,7000.0,8000.0,42000.0,0.875,0.421200081245371,False
2642,BEN-002642,5,7800.0,15000.0,39000.0,0.52,0.437134513219704,False
2645,BEN-002645,5,7200.0,8000.0,36000.0,0.9,0.429117168062162,False
2647,BEN-002647,5,6900.0,12000.0,34500.0,0.575,0.4251451617751825,False
2648,BEN-002648,5,8000.0,8000.0,40000.0,1.0,0.46242507726382326,False
2649,BEN-002649,5,6200.0,5000.0,31000.0,1.24,0.5151373776654996,False
2651,BEN-002651,4,8750.0,20000.0,35000.0,0.4375,0.5892937678177621,False
2652,BEN-002652,6,7250.0,12000.0,43500.0,0.6041666666666666,0.40348911015316136,False
2653,BEN-002653,6,8100.0,0.0,48600.0,8.1,0.5616685510125112,False
2656,BEN-002656,6,6666.666666666667,25000.0,40000.0,0.26666666666666666,0.47817892025451136,False
2657,BEN-002657,5,7625.0,15000.0,38125.0,0.5083333333333333,0.43457491929861025,False
2658,BEN-002658,6,6583.333333333333,8000.0,39500.0,0.8229166666666666,0.43844104793285993,False
2659,BEN-002659,5,8300.0,12000.0,41500.0,0.6916666666666667,0.46380809745531704,False
2660,BEN-002660,5,7000.0,25000.0,35000.0,0.28,0.4735747231491086,False
2661,BEN-002661,5,7700.0,8000.0,38500.0,0.9625,0.44575752687145864,False
2664,BEN-002664,6,6625.0,5000.0,39750.0,1.325,0.46728496663469427,False
2665,BEN-002665,6,7333.333333333333,0.0,44000.0,7.333333333333333,0.49684475640385023,False
2667,BEN-002667,5,7200.0,15000.0,36000.0,0.48,0.4235418833812642,False
2669,BEN-002669,6,5900.0,0.0,35400.0,5.9,0.6009965317366601,True
2670,BEN-002670,6,7166.666666666667,0.0,43000.0,7.166666666666667,0.5033552624138711,False
2673,BEN-002673,5,7200.0,15000.0,36000.0,0.48,0.4235418833812642,False
2674,BEN-002674,5,7125.0,0.0,35625.0,7.125,0.5382595859449063,False
2675,BEN-002675,6,7000.0,25000.0,42000.0,0.28,0.44966865686961016,False
2676,BEN-002676,6,7000.0,8000.0,42000.0,0.875,0.421200081245371,False
2677,BEN-002677,6,7000.0,20000.0,42000.0,0.35,0.4296596198426171,False
2678,BEN-002678,5,7700.0,25000.0,38500.0,0.308,0.47398563689033624,False
2680,BEN-002680,5,7500.0,0.0,37500.0,7.5,0.5454079535708252,False
2681,BEN-002681,5,6900.0,15000.0,34500.0,0.46,0.43581937038565766,False
2682,BEN-002682,5,6400.0,15000.0,32000.0,0.4266666666666667,0.4636637615106712,False
2683,BEN-002683,6,6916.666666666667,5000.0,41500.0,1.3833333333333333,0.4523822031134625,False
2686,BEN-002686,6,7833.333333333333,8000.0,47000.0,0.9791666666666666,0.43812093127482565,False
2688,BEN-002688,6,7333.333333333333,12000.0,44000.0,0.611111111111111,0.4067260215275148,False
2689,BEN-002689,5,7300.0,5000.0,36500.0,1.46,0.46163151759978116,False
2691,BEN-002691,5,5800.0,20000.0,29000.0,0.29,0.5484306838004738,False
2693,BEN-002693,5,8200.0,25000.0,41000.0,0.328,0.49788388738388234,False
2694,BEN-002694,6,7583.333333333333,5000.0,45500.0,1.5166666666666666,0.4490812783808523,False
2697,BEN-002697,6,7583.333333333333,20000.0,45500.0,0.37916666666666665,0.4307346020216096,False
2698,BEN-002698,4,8000.0,8000.0,32000.0,1.0,0.5374355571541678,False
2699,BEN-002699,4,7250.0,8000.0,29000.0,0.90625,0.5218046527695962,False
2700,BEN-002700,5,6600.0,15000.0,33000.0,0.44,0.453615452753804,False
2703,BEN-002703,5,8100.0,8000.0,40500.0,1.0125,0.46904178472243163,False
2705,BEN-002705,5,7300.0,20000.0,36500.0,0.365,0.4482162303441208,False
2706,BEN-002706,6,7333.333333333333,8000.0,44000.0,0.9166666666666666,0.42122345717665527,False
2707,BEN-002707,3,7833.333333333333,20000.0,23500.0,0.39166666666666666,0.6546535592160927,True
2709,BEN-002709,6,7333.333333333333,8000.0,44000.0,0.9166666666666666,0.42122345717665527,False
2710,BEN-002710,6,7833.333333333333,12000.0,47000.0,0.6527777777777778,0.42515396698130953,False
2717,BEN-002717,5,7200.0,8000.0,36000.0,0.9,0.429117168062162,False
2718,BEN-002718,6,8000.0,8000.0,48000.0,1.0,0.4500413082275428,False
2719,BEN-002719,5,7300.0,25000.0,36500.0,0.292,0.47220770336561596,False
2721,BEN-002721,5,7300.0,12000.0,36500.0,0.6083333333333333,0.41475001868385547,False
2722,BEN-002722,6,7500.0,20000.0,45000.0,0.375,0.4290307548788125,False
2723,BEN-002723,6,8333.333333333334,20000.0,50000.0,0.4166666666666667,0.4819664007277956,False
2725,BEN-002725,5,7200.0,25000.0,36000.0,0.288,0.47084886511654855,False
2726,BEN-002726,6,7250.0,15000.0,43500.0,0.48333333333333334,0.40437264834463044,False
2729,BEN-002729,6,7750.0,15000.0,46500.0,0.5166666666666667,0.4239971786809844,False
2730,BEN-002730,6,8166.666666666667,25000.0,49000.0,0.32666666666666666,0.4982714759557875,False
2731,BEN-002731,6,7666.666666666667,25000.0,46000.0,0.3066666666666667,0.45423809162154843,False
2732,BEN-002732,6,5833.333333333333,25000.0,35000.0,0.2333333333333333,0.5668250138470937,False
2733,BEN-002733,5,7400.0,12000.0,37000.0,0.6166666666666667,0.4173940797277093,False
2736,BEN-002736,5,7900.0,8000.0,39500.0,0.9875,0.4578518223220981,False
2737,BEN-002737,6,7000.0,5000.0,42000.0,1.4,0.446252410796028,False
2738,BEN-002738,5,7250.0,8000.0,36250.0,0.90625,0.4315934550086889,False
2739,BEN-002739,6,6900.0,5000.0,41400.0,1.38,0.4534916541453049,False
2743,BEN-002743,6,6333.333333333333,8000.0,38000.0,0.7916666666666666,0.46048027757191345,False
2748,BEN-002748,5,6800.0,25000.0,34000.0,0.272,0.488546998259088,False
2750,BEN-002750,6,7250.0,20000.0,43500.0,0.3625,0.4263457028701548,False
2754,BEN-002754,5,7600.0,12000.0,38000.0,0.6333333333333333,0.42745141384295837,False
2755,BEN-002755,5,7700.0,0.0,38500.0,7.7,0.5507356056688131,False
2757,BEN-002757,6,7666.666666666667,12000.0,46000.0,0.638888888888889,0.41826353361119567,False
2760,BEN-002760,5,7000.0,12000.0,35000.0,0.5833333333333334,0.41806574812352487,False
2761,BEN-002761,5,7800.0,8000.0,39000.0,0.975,0.44965083283826773,False
2763,BEN-002763,6,6666.666666666667,0.0,40000.0,6.666666666666667,0.5165359548748999,False
2765,BEN-002765,6,6833.333333333333,12000.0,41000.0,0.5694444444444444,0.40927566652395114,False
2766,BEN-002766,6,6083.333333333333,0.0,36500.0,6.083333333333333,0.5781305013203365,False
2770,BEN-002770,6,7166.666666666667,20000.0,43000.0,0.35833333333333334,0.42430872113656887,False
2773,BEN-002773,6,6583.333333333333,0.0,39500.0,6.583333333333333,0.524624894090196,False
2774,BEN-002774,6,8166.666666666667,5000.0,49000.0,1.6333333333333333,0.4842889068252078,False
2775,BEN-002775,5,8250.0,20000.0,41250.0,0.4125,0.4801814098880803,False
2776,BEN-002776,6,8500.0,25000.0,51000.0,0.34,0.5313912719435413,False
2777,BEN-002777,5,7300.0,0.0,36500.0,7.3,0.541735628629666,False
2778,BEN-002778,6,6916.666666666667,8000.0,41500.0,0.8645833333333334,0.42374081596835644,False
2779,BEN-002779,4,6875.0,12000.0,27500.0,0.5729166666666666,0.5266184010027204,False
2780,BEN-002780,6,7250.0,20000.0,43500.0,0.3625,0.4263457028701548,False
2781,BEN-002781,6,7750.0,15000.0,46500.0,0.5166666666666667,0.4239971786809844,False
2783,BEN-002783,4,7375.0,20000.0,29500.0,0.36875,0.5428028761881974,False
2786,BEN-002786,5,7600.0,12000.0,38000.0,0.6333333333333333,0.42745141384295837,False
2787,BEN-002787,6,7666.666666666667,0.0,46000.0,7.666666666666667,0.5191328601472042,False
2788,BEN-002788,6,8583.333333333334,5000.0,51500.0,1.7166666666666668,0.5316233042781319,False
2789,BEN-002789,5,5700.0,25000.0,28500.0,0.228,0.6001821647489815,False
2790,BEN-002790,6,8300.0,5000.0,49800.0,1.66,0.5012274146435826,False
2792,BEN-002792,6,7333.333333333333,5000.0,44000.0,1.4666666666666666,0.43883584308070206,False
2794,BEN-002794,6,6333.333333333333,8000.0,38000.0,0.7916666666666666,0.46048027757191345,False
2797,BEN-002797,6,7000.0,25000.0,42000.0,0.28,0.44966865686961016,False
2798,BEN-002798,5,6000.0,12000.0,30000.0,0.5,0.4982238701991868,False
2799,BEN-002799,5,7400.0,12000.0,37000.0,0.6166666666666667,0.4173940797277093,False
2801,BEN-002801,6,6333.333333333333,8000.0,38000.0,0.7916666666666666,0.46048027757191345,False
2802,BEN-002802,4,7000.0,0.0,28000.0,7.0,0.6250205660516823,True
2805,BEN-002805,5,7300.0,15000.0,36500.0,0.4866666666666667,0.4248542386040857,False
2806,BEN-002806,6,7200.0,20000.0,43200.0,0.36,0.42395012986884556,False
2808,BEN-002808,6,7166.666666666667,0.0,43000.0,7.166666666666667,0.5033552624138711,False
2809,BEN-002809,6,7700.0,8000.0,46200.0,0.9625,0.43227664234600777,False
2811,BEN-002811,6,7333.333333333333,0.0,44000.0,7.333333333333333,0.49684475640385023,False
2812,BEN-002812,6,7500.0,5000.0,45000.0,1.5,0.4470976360203204,False
2815,BEN-002815,6,7750.0,12000.0,46500.0,0.6458333333333334,0.4222568366341969,False
2823,BEN-002823,4,8500.0,25000.0,34000.0,0.34,0.5968032634297642,False
2824,BEN-002824,4,6500.0,12000.0,26000.0,0.5416666666666666,0.5465231345436595,False
2825,BEN-002825,6,7333.333333333333,25000.0,44000.0,0.29333333333333333,0.44446790144816445,False
2827,BEN-002827,6,8500.0,0.0,51000.0,8.5,0.6015642015568502,True
2829,BEN-002829,6,7100.0,15000.0,42600.0,0.47333333333333333,0.40880635930595566,False
2830,BEN-002830,6,7666.666666666667,20000.0,46000.0,0.38333333333333336,0.4350890415164608,False
2833,BEN-002833,6,8583.333333333334,5000.0,51500.0,1.7166666666666668,0.5316233042781319,False
2834,BEN-002834,6,8166.666666666667,0.0,49000.0,8.166666666666668,0.5719803309409587,False
2836,BEN-002836,5,8300.0,5000.0,41500.0,1.66,0.5112545589123725,False
2839,BEN-002839,5,5700.0,20000.0,28500.0,0.285,0.5625515238538694,False
2840,BEN-002840,5,6700.0,5000.0,33500.0,1.34,0.47492840671124925,False
2841,BEN-002841,6,6666.666666666667,8000.0,40000.0,0.8333333333333334,0.43126096278501047,False
2843,BEN-002843,6,7166.666666666667,5000.0,43000.0,1.4333333333333333,0.4407952645432852,False
2844,BEN-002844,6,7666.666666666667,12000.0,46000.0,0.638888888888889,0.41826353361119567,False
2847,BEN-002847,6,8000.0,12000.0,48000.0,0.6666666666666666,0.4369191000665728,False
2848,BEN-002848,6,8583.333333333334,15000.0,51500.0,0.5722222222222223,0.5020075596000225,False
2852,BEN-002852,6,7750.0,5000.0,46500.0,1.55,0.4529538178323627,False
2853,BEN-002853,6,8583.333333333334,0.0,51500.0,8.583333333333334,0.61176646934639,True
2856,BEN-002856,6,7700.0,5000.0,46200.0,1.54,0.45011626181802705,False
2857,BEN-002857,6,7666.666666666667,8000.0,46000.0,0.9583333333333334,0.43070457535883455,False
2862,BEN-002862,5,7000.0,20000.0,35000.0,0.35,0.4476589295995726,False
2867,BEN-002867,6,7916.666666666667,25000.0,47500.0,0.31666666666666665,0.47744746605327515,False
2869,BEN-002869,6,7750.0,12000.0,46500.0,0.6458333333333334,0.4222568366341969,False
2870,BEN-002870,5,8500.0,5000.0,42500.0,1.7,0.5327942145679732,False
2871,BEN-002871,6,7083.333333333333,8000.0,42500.0,0.8854166666666666,0.4196600686541553,False
2873,BEN-002873,6,6500.0,0.0,39000.0,6.5,0.5280884576797203,False
2874,BEN-002874,6,7666.666666666667,8000.0,46000.0,0.9583333333333334,0.43070457535883455,False
2877,BEN-002877,6,6500.0,12000.0,39000.0,0.5416666666666666,0.42662178133339135,False
2880,BEN-002880,4,6750.0,0.0,27000.0,6.75,0.6372089957621973,True
2882,BEN-002882,5,8300.0,0.0,41500.0,8.3,0.604385274944183,True
2883,BEN-002883,5,7000.0,12000.0,35000.0,0.5833333333333334,0.41806574812352487,False
2885,BEN-002885,6,7333.333333333333,25000.0,44000.0,0.29333333333333333,0.44446790144816445,False
2887,BEN-002887,5,7200.0,20000.0,36000.0,0.36,0.4454118436552975,False
2888,BEN-002888,5,6400.0,15000.0,32000.0,0.4266666666666667,0.4636637615106712,False
2899,BEN-002899,6,6500.0,20000.0,39000.0,0.325,0.4549808166847371,False
2900,BEN-002900,4,6625.0,20000.0,26500.0,0.33125,0.5648294219412293,False
2901,BEN-002901,6,6916.666666666667,5000.0,41500.0,1.3833333333333333,0.4523822031134625,False
2902,BEN-002902,6,6400.0,0.0,38400.0,6.4,0.5404777595904856,False
2903,BEN-002903,5,7900.0,5000.0,39500.0,1.58,0.48624788488396836,False
2904,BEN-002904,5,7500.0,8000.0,37500.0,0.9375,0.43901899347869916,False
2906,BEN-002906,6,7083.333333333333,20000.0,42500.0,0.35416666666666663,0.425693716604046,False
2907,BEN-002907,6,7666.666666666667,15000.0,46000.0,0.5111111111111112,0.42030386002186115,False
2908,BEN-002908,6,7666.666666666667,0.0,46000.0,7.666666666666667,0.5191328601472042,False
2910,BEN-002910,6,6500.0,0.0,39000.0,6.5,0.5280884576797203,False
2911,BEN-002911,6,6500.0,15000.0,39000.0,0.43333333333333335,0.4342891856523154,False
2917,BEN-002917,6,7166.666666666667,12000.0,43000.0,0.5972222222222222,0.40173336953596217,False
2918,BEN-002918,5,7300.0,25000.0,36500.0,0.292,0.47220770336561596,False
2919,BEN-002919,5,7200.0,12000.0,36000.0,0.6,0.4134058793107152,False
2921,BEN-002921,6,7000.0,5000.0,42000.0,1.4,0.446252410796028,False
2924,BEN-002924,6,7666.666666666667,25000.0,46000.0,0.3066666666666667,0.45423809162154843,False
2926,BEN-002926,6,8500.0,20000.0,51000.0,0.425,0.4959857803675142,False
2927,BEN-002927,5,6400.0,0.0,32000.0,6.4,0.5807929411788565,False
2928,BEN-002928,6,7500.0,0.0,45000.0,7.5,0.5049842080267292,False
2929,BEN-002929,5,6600.0,5000.0,33000.0,1.32,0.4828943798884389,False
2930,BEN-002930,6,7583.333333333333,20000.0,45500.0,0.37916666666666665,0.4307346020216096,False
2931,BEN-002931,6,8300.0,25000.0,49800.0,0.332,0.5132858267121791,False
2932,BEN-002932,5,7900.0,12000.0,39500.0,0.6583333333333333,0.437519001428151,False
2934,BEN-002934,4,7500.0,0.0,30000.0,7.5,0.627873820060814,True
2935,BEN-002935,5,6900.0,8000.0,34500.0,0.8625,0.4378469004866152,False
2936,BEN-002936,6,6833.333333333333,8000.0,41000.0,0.8541666666666666,0.42597710088881346,False
2939,BEN-002939,5,5200.0,20000.0,26000.0,0.26,0.594542176612211,False
2941,BEN-002941,5,6250.0,20000.0,31250.0,0.3125,0.5012929435528398,False
2944,BEN-002944,6,6416.666666666667,25000.0,38500.0,0.25666666666666665,0.5042197856126732,False
2945,BEN-002945,6,8416.666666666666,8000.0,50500.0,1.0520833333333333,0.49084837277285576,False
2947,BEN-002947,5,6400.0,25000.0,32000.0,0.256,0.5267441212177182,False
2950,BEN-002950,6,7416.666666666667,8000.0,44500.0,0.9270833333333334,0.4221969531440606,False
2952,BEN-002952,5,8000.0,20000.0,40000.0,0.4,0.46581108016345074,False
2954,BEN-002954,6,8800.0,25000.0,52800.0,0.352,0.5729047553813646,False
2955,BEN-002955,6,7300.0,25000.0,43800.0,0.292,0.44260969467615174,False
2957,BEN-002957,6,7750.0,12000.0,46500.0,0.6458333333333334,0.4222568366341969,False
2958,BEN-002958,5,7000.0,5000.0,35000.0,1.4,0.45879564436945247,False
2960,BEN-002960,6,7250.0,25000.0,43500.0,0.29,0.4431079978007452,False
2961,BEN-002961,6,7500.0,12000.0,45000.0,0.625,0.4111577820352351,False
2963,BEN-002963,5,8800.0,12000.0,44000.0,0.7333333333333333,0.5157928055218067,False
2967,BEN-002967,6,6833.333333333333,25000.0,41000.0,0.2733333333333333,0.46187588284719283,False
2968,BEN-002968,6,8000.0,12000.0,48000.0,0.6666666666666666,0.4369191000665728,False
2969,BEN-002969,6,7833.333333333333,5000.0,47000.0,1.5666666666666667,0.4591394347786999,False
2970,BEN-002970,5,8700.0,15000.0,43500.0,0.58,0.5031150556173241,False
2971,BEN-002971,6,8500.0,20000.0,51000.0,0.425,0.4959857803675142,False
2972,BEN-002972,6,7900.0,5000.0,47400.0,1.58,0.4652563813270879,False
2973,BEN-002973,6,6833.333333333333,5000.0,41000.0,1.3666666666666667,0.45495135764024525,False
2975,BEN-002975,6,7500.0,5000.0,45000.0,1.5,0.4470976360203204,False
2976,BEN-002976,6,6200.0,15000.0,37200.0,0.41333333333333333,0.4633618070614813,False
2977,BEN-002977,6,5750.0,15000.0,34500.0,0.38333333333333336,0.5111708835656221,False
2980,BEN-002980,6,6300.0,0.0,37800.0,6.3,0.5547393366492936,False
2981,BEN-002981,6,7200.0,15000.0,43200.0,0.48,0.40460218907627743,False
2982,BEN-002982,5,8200.0,0.0,41000.0,8.2,0.591992072949125,False
2985,BEN-002985,6,6416.666666666667,0.0,38500.0,6.416666666666667,0.5371498395042439,False
2988,BEN-002988,5,7000.0,12000.0,35000.0,0.5833333333333334,0.41806574812352487,False
2992,BEN-002992,6,7083.333333333333,25000.0,42500.0,0.2833333333333333,0.4467954538042788,False
2993,BEN-002993,6,6833.333333333333,8000.0,41000.0,0.8541666666666666,0.42597710088881346,False
2995,BEN-002995,6,7750.0,20000.0,46500.0,0.3875,0.4396754891280174,False
3002,BEN-003002,3,6666.666666666667,20000.0,20000.0,0.33333333333333337,0.6660380142622753,True
3004,BEN-003004,5,7700.0,0.0,38500.0,7.7,0.5507356056688131,False
3005,BEN-003005,6,7166.666666666667,20000.0,43000.0,0.35833333333333334,0.42430872113656887,False
3009,BEN-003009,6,8250.0,5000.0,49500.0,1.65,0.49556774563240674,False
3010,BEN-003010,6,7333.333333333333,15000.0,44000.0,0.4888888888888889,0.4078229721209872,False
3012,BEN-003012,5,6700.0,20000.0,33500.0,0.335,0.4642680088530084,False
3013,BEN-003013,6,7416.666666666667,20000.0,44500.0,0.37083333333333335,0.4274387057758258,False
3015,BEN-003015,6,7333.333333333333,15000.0,44000.0,0.4888888888888889,0.4078229721209872,False
3016,BEN-003016,6,6250.0,0.0,37500.0,6.25,0.5596841383129003,False
3017,BEN-003017,6,7916.666666666667,12000.0,47500.0,0.6597222222222222,0.4304462889684012,False
3019,BEN-003019,6,6666.666666666667,0.0,40000.0,6.666666666666667,0.5165359548748999,False
3021,BEN-003021,6,7083.333333333333,20000.0,42500.0,0.35416666666666663,0.425693716604046,False
3027,BEN-003027,6,6900.0,0.0,41400.0,6.9,0.5024448317943654,False
3028,BEN-003028,5,7700.0,12000.0,38500.0,0.6416666666666667,0.4283431948729701,False
3030,BEN-003030,6,7416.666666666667,0.0,44500.0,7.416666666666667,0.4981384740234462,False
3032,BEN-003032,6,6166.666666666667,0.0,37000.0,6.166666666666667,0.5691832011111588,False
3034,BEN-003034,3,8500.0,5000.0,25500.0,1.7,0.678610412590422,True
3038,BEN-003038,5,7900.0,25000.0,39500.0,0.316,0.4801006482888235,False
3039,BEN-003039,5,8100.0,12000.0,40500.0,0.675,0.45330478100958566,False
3040,BEN-003040,5,7100.0,25000.0,35500.0,0.284,0.4716707816284862,False
3041,BEN-003041,6,6333.333333333333,15000.0,38000.0,0.4222222222222222,0.4492887579662471,False
3042,BEN-003042,6,8083.333333333333,12000.0,48500.0,0.673611111111111,0.44428928818675534,False
3043,BEN-003043,6,8083.333333333333,20000.0,48500.0,0.4041666666666667,0.4597588572066277,False
3051,BEN-003051,4,6833.333333333333,15000.0,27333.333333333332,0.45555555555555555,0.5392859670991733,False
3053,BEN-003053,7,7857.142857142857,0.0,55000.0,7.857142857142857,0.6406208377480272,True
3055,BEN-003055,6,7000.0,20000.0,42000.0,0.35,0.4296596198426171,False
3056,BEN-003056,6,8250.0,5000.0,49500.0,1.65,0.49556774563240674,False
3061,BEN-003061,5,7000.0,25000.0,35000.0,0.28,0.4735747231491086,False
3063,BEN-003063,5,7600.0,8000.0,38000.0,0.95,0.44511496153566876,False
3064,BEN-003064,6,5916.666666666667,15000.0,35500.0,0.3944444444444445,0.4939856112298042,False
3065,BEN-003065,6,7250.0,25000.0,43500.0,0.29,0.4431079978007452,False
3067,BEN-003067,5,6700.0,25000.0,33500.0,0.268,0.49607444329897005,False
3069,BEN-003069,5,7700.0,5000.0,38500.0,1.54,0.47091922038900197,False
3072,BEN-003072,6,8250.0,12000.0,49500.0,0.6875,0.46241057042097083,False
3073,BEN-003073,6,7333.333333333333,5000.0,44000.0,1.4666666666666666,0.43883584308070206,False
3074,BEN-003074,5,6100.0,25000.0,30500.0,0.244,0.5571948203994597,False
3075,BEN-003075,5,6500.0,20000.0,32500.0,0.325,0.4800710391808187,False
3078,BEN-003078,6,7416.666666666667,12000.0,44500.0,0.6180555555555556,0.4089725322916821,False
3079,BEN-003079,5,6500.0,25000.0,32500.0,0.26,0.5178689002336896,False
3083,BEN-003083,5,6700.0,12000.0,33500.0,0.5583333333333333,0.43635930956124647,False
3085,BEN-003085,5,7000.0,12000.0,35000.0,0.5833333333333334,0.41806574812352487,False
3088,BEN-003088,6,7333.333333333333,0.0,44000.0,7.333333333333333,0.49684475640385023,False
3089,BEN-003089,6,7083.333333333333,15000.0,42500.0,0.4722222222222222,0.40925197367048816,False
3090,BEN-003090,6,6666.666666666667,12000.0,40000.0,0.5555555555555556,0.4154580577756046,False
3091,BEN-003091,6,7416.666666666667,12000.0,44500.0,0.6180555555555556,0.4089725322916821,False
3093,BEN-003093,6,8400.0,12000.0,50400.0,0.7,0.47764512699346673,False
3094,BEN-003094,5,6300.0,20000.0,31500.0,0.315,0.4957596639930463,False
3095,BEN-003095,7,8214.285714285714,8000.0,57500.0,1.0267857142857142,0.606061999953479,True
3096,BEN-003096,5,7700.0,25000.0,38500.0,0.308,0.47398563689033624,False
3097,BEN-003097,5,7300.0,8000.0,36500.0,0.9125,0.43196257100393354,False
3098,BEN-003098,5,7100.0,25000.0,35500.0,0.284,0.4716707816284862,False
3099,BEN-003099,6,8083.333333333333,15000.0,48500.0,0.5388888888888889,0.4447720867425217,False
3100,BEN-003100,6,8416.666666666666,8000.0,50500.0,1.0520833333333333,0.49084837277285576,False
3106,BEN-003106,6,9000.0,15000.0,54000.0,0.6,0.5634821202308627,False
3107,BEN-003107,6,7000.0,25000.0,42000.0,0.28,0.44966865686961016,False
3109,BEN-003109,6,7333.333333333333,0.0,44000.0,7.333333333333333,0.49684475640385023,False
3113,BEN-003113,4,7625.0,25000.0,30500.0,0.305,0.5643667505095757,False
3114,BEN-003114,5,6625.0,8000.0,33125.0,0.828125,0.4513764404007077,False
3116,BEN-003116,6,7333.333333333333,5000.0,44000.0,1.4666666666666666,0.43883584308070206,False
3118,BEN-003118,6,8000.0,12000.0,48000.0,0.6666666666666666,0.4369191000665728,False
3122,BEN-003122,6,6916.666666666667,5000.0,41500.0,1.3833333333333333,0.4523822031134625,False
3123,BEN-003123,5,7200.0,25000.0,36000.0,0.288,0.47084886511654855,False
3125,BEN-003125,5,5600.0,8000.0,28000.0,0.7,0.545651798534509,False
3128,BEN-003128,6,7083.333333333333,15000.0,42500.0,0.4722222222222222,0.40925197367048816,False
3129,BEN-003129,6,6700.0,12000.0,40200.0,0.5583333333333333,0.41486372876931693,False
3130,BEN-003130,5,7100.0,12000.0,35500.0,0.5916666666666667,0.4152815197192949,False
3131,BEN-003131,5,6100.0,20000.0,30500.0,0.305,0.5190367727640072,False
3132,BEN-003132,6,7166.666666666667,5000.0,43000.0,1.4333333333333333,0.4407952645432852,False
3133,BEN-003133,6,7083.333333333333,8000.0,42500.0,0.8854166666666666,0.4196600686541553,False
3134,BEN-003134,6,7416.666666666667,12000.0,44500.0,0.6180555555555556,0.4089725322916821,False
3136,BEN-003136,6,5750.0,12000.0,34500.0,0.4791666666666667,0.5019429030304826,False
3137,BEN-003137,6,7500.0,25000.0,45000.0,0.3,0.45277620909754823,False
3138,BEN-003138,5,8300.0,12000.0,41500.0,0.6916666666666667,0.46380809745531704,False
3139,BEN-003139,5,8300.0,5000.0,41500.0,1.66,0.5112545589123725,False
3140,BEN-003140,6,6333.333333333333,15000.0,38000.0,0.4222222222222222,0.4492887579662471,False
3141,BEN-003141,5,8700.0,5000.0,43500.0,1.74,0.5523692691476696,False
3142,BEN-003142,6,7666.666666666667,25000.0,46000.0,0.3066666666666667,0.45423809162154843,False
3143,BEN-003143,6,7083.333333333333,12000.0,42500.0,0.5902777777777778,0.40405393846082466,False
3147,BEN-003147,5,7700.0,12000.0,38500.0,0.6416666666666667,0.4283431948729701,False
3150,BEN-003150,5,7200.0,20000.0,36000.0,0.36,0.4454118436552975,False
3151,BEN-003151,6,8416.666666666666,5000.0,50500.0,1.6833333333333331,0.5141261768159512,False
3152,BEN-003152,6,8250.0,8000.0,49500.0,1.03125,0.4789658394396086,False
3153,BEN-003153,6,6250.0,8000.0,37500.0,0.78125,0.46567741100899857,False
3154,BEN-003154,6,8083.333333333333,5000.0,48500.0,1.6166666666666667,0.47705454371459494,False
3155,BEN-003155,6,6583.333333333333,20000.0,39500.0,0.32916666666666666,0.4535200561063745,False
3156,BEN-003156,6,7166.666666666667,12000.0,43000.0,0.5972222222222222,0.40173336953596217,False
3157,BEN-003157,6,7750.0,8000.0,46500.0,0.96875,0.43302564881072286,False
3158,BEN-003158,5,7000.0,25000.0,35000.0,0.28,0.4735747231491086,False
3163,BEN-003163,5,6900.0,25000.0,34500.0,0.276,0.4797146574287002,False
3164,BEN-003164,4,6000.0,15000.0,24000.0,0.4,0.5945925430074219,False
3165,BEN-003165,6,6000.0,20000.0,36000.0,0.3,0.5052757909827092,False
3166,BEN-003166,6,6833.333333333333,20000.0,41000.0,0.3416666666666667,0.43678032518930676,False
3167,BEN-003167,6,7916.666666666667,5000.0,47500.0,1.5833333333333335,0.46715922918429204,False
3169,BEN-003169,5,7875.0,25000.0,39375.0,0.315,0.47819025507950447,False
3172,BEN-003172,6,6333.333333333333,8000.0,38000.0,0.7916666666666666,0.46048027757191345,False
3175,BEN-003175,6,7250.0,5000.0,43500.0,1.45,0.4363246041627491,False
3176,BEN-003176,6,6583.333333333333,12000.0,39500.0,0.548611111111111,0.4192472104853289,False
3178,BEN-003178,5,7000.0,15000.0,35000.0,0.4666666666666667,0.4281312680943819,False
3179,BEN-003179,5,7100.0,12000.0,35500.0,0.5916666666666667,0.4152815197192949,False
3180,BEN-003180,6,7000.0,25000.0,42000.0,0.28,0.44966865686961016,False
3183,BEN-003183,6,6400.0,15000.0,38400.0,0.4266666666666667,0.43979052385073847,False
3184,BEN-003184,6,8166.666666666667,25000.0,49000.0,0.32666666666666666,0.4982714759557875,False
3187,BEN-003187,6,7083.333333333333,20000.0,42500.0,0.35416666666666663,0.425693716604046,False
3188,BEN-003188,5,7800.0,20000.0,39000.0,0.39,0.4529329414672538,False
3189,BEN-003189,6,7666.666666666667,0.0,46000.0,7.666666666666667,0.5191328601472042,False
3190,BEN-003190,6,7666.666666666667,25000.0,46000.0,0.3066666666666667,0.45423809162154843,False
3191,BEN-003191,5,5900.0,15000.0,29500.0,0.3933333333333333,0.5206983791091,False
3194,BEN-003194,5,7000.0,0.0,35000.0,7.0,0.5403367635786007,False
3196,BEN-003196,5,6300.0,20000.0,31500.0,0.315,0.4957596639930463,False
3198,BEN-003198,5,7300.0,8000.0,36500.0,0.9125,0.43196257100393354,False
3199,BEN-003199,5,7100.0,15000.0,35500.0,0.47333333333333333,0.4273104331452373,False
3202,BEN-003202,5,7100.0,0.0,35500.0,7.1,0.5370751535082442,False
3203,BEN-003203,5,7200.0,5000.0,36000.0,1.44,0.45818485341656506,False
3204,BEN-003204,6,6833.333333333333,12000.0,41000.0,0.5694444444444444,0.40927566652395114,False
3205,BEN-003205,5,7100.0,5000.0,35500.0,1.42,0.45742148502293734,False
3206,BEN-003206,6,7166.666666666667,0.0,43000.0,7.166666666666667,0.5033552624138711,False
3207,BEN-003207,6,7000.0,12000.0,42000.0,0.5833333333333334,0.40427342282283896,False
3210,BEN-003210,6,7416.666666666667,8000.0,44500.0,0.9270833333333334,0.4221969531440606,False
3211,BEN-003211,5,6800.0,8000.0,34000.0,0.85,0.4421892783990404,False
3212,BEN-003212,6,6333.333333333333,20000.0,38000.0,0.31666666666666665,0.4750968243574256,False
3213,BEN-003213,6,7083.333333333333,15000.0,42500.0,0.4722222222222222,0.40925197367048816,False
3217,BEN-003217,6,7666.666666666667,8000.0,46000.0,0.9583333333333334,0.43070457535883455,False
3218,BEN-003218,6,7166.666666666667,15000.0,43000.0,0.4777777777777778,0.4074888954009138,False
3224,BEN-003224,6,7583.333333333333,5000.0,45500.0,1.5166666666666666,0.4490812783808523,False
3225,BEN-003225,5,6800.0,8000.0,34000.0,0.85,0.4421892783990404,False
3227,BEN-003227,6,6333.333333333333,8000.0,38000.0,0.7916666666666666,0.46048027757191345,False
3231,BEN-003231,6,7833.333333333333,8000.0,47000.0,0.9791666666666666,0.43812093127482565,False
3235,BEN-003235,6,7833.333333333333,12000.0,47000.0,0.6527777777777778,0.42515396698130953,False
3237,BEN-003237,6,9000.0,0.0,54000.0,9.0,0.6640085989081489,True
3239,BEN-003239,5,6900.0,5000.0,34500.0,1.38,0.46523082127474824,False
3241,BEN-003241,5,8000.0,0.0,40000.0,8.0,0.5788002970898865,False
3242,BEN-003242,6,5916.666666666667,0.0,35500.0,5.916666666666667,0.599013572246199,False
3245,BEN-003245,6,8583.333333333334,12000.0,51500.0,0.7152777777777778,0.4948449450171631,False
3248,BEN-003248,6,8250.0,0.0,49500.0,8.25,0.5819240225336718,False
3250,BEN-003250,6,7400.0,0.0,44400.0,7.4,0.4975122493019127,False
3251,BEN-003251,6,5916.666666666667,0.0,35500.0,5.916666666666667,0.599013572246199,False
3253,BEN-003253,6,6833.333333333333,0.0,41000.0,6.833333333333333,0.5034621553086582,False
3254,BEN-003254,5,8200.0,20000.0,41000.0,0.41,0.477809243757853,False
3255,BEN-003255,6,6333.333333333333,15000.0,38000.0,0.4222222222222222,0.4492887579662471,False
3256,BEN-003256,6,6333.333333333333,25000.0,38000.0,0.2533333333333333,0.5161649930169829,False
3260,BEN-003260,5,6600.0,0.0,33000.0,6.6,0.569426683579076,False
3266,BEN-003266,6,6583.333333333333,8000.0,39500.0,0.8229166666666666,0.43844104793285993,False
3267,BEN-003267,6,7750.0,12000.0,46500.0,0.6458333333333334,0.4222568366341969,False
3268,BEN-003268,5,8400.0,12000.0,42000.0,0.7,0.4754299171441264,False
3270,BEN-003270,4,7000.0,0.0,28000.0,7.0,0.6250205660516823,True
3272,BEN-003272,6,7416.666666666667,20000.0,44500.0,0.37083333333333335,0.4274387057758258,False
3273,BEN-003273,6,7833.333333333333,25000.0,47000.0,0.3133333333333333,0.4689780908144831,False
3274,BEN-003274,5,8800.0,25000.0,44000.0,0.352,0.5590056794153373,False
3275,BEN-003275,6,7333.333333333333,25000.0,44000.0,0.29333333333333333,0.44446790144816445,False
3276,BEN-003276,6,6916.666666666667,20000.0,41500.0,0.3458333333333333,0.43298706922799546,False
3277,BEN-003277,4,5500.0,12000.0,22000.0,0.4583333333333333,0.6120026833786048,True
3279,BEN-003279,6,7833.333333333333,12000.0,47000.0,0.6527777777777778,0.42515396698130953,False
3281,BEN-003281,6,8583.333333333334,0.0,51500.0,8.583333333333334,0.61176646934639,True
3284,BEN-003284,4,5750.0,5000.0,23000.0,1.15,0.6300894016984327,True
3285,BEN-003285,7,7785.714285714285,5000.0,54500.0,1.5571428571428572,0.5878406318351724,False
3286,BEN-003286,5,6750.0,12000.0,33750.0,0.5625,0.43478861802454366,False
3290,BEN-003290,5,9000.0,0.0,45000.0,9.0,0.6660242956400643,True
3291,BEN-003291,6,7083.333333333333,0.0,42500.0,7.083333333333333,0.5032539404610213,False
3292,BEN-003292,4,6500.0,25000.0,26000.0,0.26,0.6051900193524539,True
3297,BEN-003297,6,6200.0,5000.0,37200.0,1.24,0.5000867076299662,False
3298,BEN-003298,4,7875.0,25000.0,31500.0,0.315,0.5618676541041386,False
3300,BEN-003300,6,7200.0,15000.0,43200.0,0.48,0.40460218907627743,False
3301,BEN-003301,5,8500.0,25000.0,42500.0,0.34,0.5263791448369064,False
3303,BEN-003303,6,8000.0,25000.0,48000.0,0.32,0.48675279201205096,False
3305,BEN-003305,4,8000.0,25000.0,32000.0,0.32,0.5668540887991349,False
3306,BEN-003306,6,6583.333333333333,15000.0,39500.0,0.4388888888888889,0.42998586023902674,False
3309,BEN-003309,6,8250.0,12000.0,49500.0,0.6875,0.46241057042097083,False
3310,BEN-003310,4,7500.0,12000.0,30000.0,0.625,0.5127589226695106,False
3313,BEN-003313,6,8166.666666666667,15000.0,49000.0,0.5444444444444445,0.4555328404631699,False
3315,BEN-003315,6,7000.0,12000.0,42000.0,0.5833333333333334,0.40427342282283896,False
3318,BEN-003318,6,6583.333333333333,25000.0,39500.0,0.2633333333333333,0.49160339313732887,False
3321,BEN-003321,6,7500.0,15000.0,45000.0,0.5,0.4119005142784292,False
3322,BEN-003322,6,9166.666666666666,25000.0,55000.0,0.36666666666666664,0.6154405159229174,True
3323,BEN-003323,6,7333.333333333333,12000.0,44000.0,0.611111111111111,0.4067260215275148,False
3324,BEN-003324,4,8875.0,8000.0,35500.0,1.109375,0.5920037520910565,False
3325,BEN-003325,6,6750.0,12000.0,40500.0,0.5625,0.41577902573345865,False
3327,BEN-003327,5,6800.0,20000.0,34000.0,0.34,0.4570943282027545,False
3331,BEN-003331,6,7500.0,12000.0,45000.0,0.625,0.4111577820352351,False
3332,BEN-003332,6,6500.0,15000.0,39000.0,0.43333333333333335,0.4342891856523154,False
3334,BEN-003334,6,8800.0,12000.0,52800.0,0.7333333333333333,0.5309439936555844,False
3335,BEN-003335,5,8200.0,5000.0,41000.0,1.64,0.5030465647136022,False
3337,BEN-003337,5,6700.0,25000.0,33500.0,0.268,0.49607444329897005,False
3338,BEN-003338,6,6750.0,25000.0,40500.0,0.27,0.4724862487629912,False
3339,BEN-003339,6,6400.0,0.0,38400.0,6.4,0.5404777595904856,False
3340,BEN-003340,6,6583.333333333333,0.0,39500.0,6.583333333333333,0.524624894090196,False
3341,BEN-003341,6,6750.0,5000.0,40500.0,1.35,0.4586137019347071,False
3343,BEN-003343,6,5833.333333333333,0.0,35000.0,5.833333333333333,0.6050285494913332,True
3344,BEN-003344,6,7083.333333333333,12000.0,42500.0,0.5902777777777778,0.40405393846082466,False
3346,BEN-003346,5,6400.0,20000.0,32000.0,0.32,0.4885567192427497,False
3348,BEN-003348,6,6666.666666666667,12000.0,40000.0,0.5555555555555556,0.4154580577756046,False
3351,BEN-003351,6,8166.666666666667,25000.0,49000.0,0.32666666666666666,0.4982714759557875,False
3353,BEN-003353,6,8200.0,20000.0,49200.0,0.41,0.46765184539652066,False
3355,BEN-003355,5,8200.0,5000.0,41000.0,1.64,0.5030465647136022,False
3356,BEN-003356,6,8800.0,12000.0,52800.0,0.7333333333333333,0.5309439936555844,False
3358,BEN-003358,5,8400.0,12000.0,42000.0,0.7,0.4754299171441264,False
3365,BEN-003365,5,7200.0,15000.0,36000.0,0.48,0.4235418833812642,False
3366,BEN-003366,6,7833.333333333333,15000.0,47000.0,0.5222222222222223,0.42719158098602295,False
3367,BEN-003367,6,8083.333333333333,12000.0,48500.0,0.673611111111111,0.44428928818675534,False
3369,BEN-003369,6,8416.666666666666,25000.0,50500.0,0.33666666666666667,0.5244208363380363,False
3370,BEN-003370,5,7700.0,5000.0,38500.0,1.54,0.47091922038900197,False
3371,BEN-003371,4,7125.0,20000.0,28500.0,0.35625,0.5472114884078442,False
3372,BEN-003372,6,7000.0,0.0,42000.0,7.0,0.49953199854908753,False
3376,BEN-003376,6,7750.0,5000.0,46500.0,1.55,0.4529538178323627,False
3378,BEN-003378,4,6250.0,12000.0,25000.0,0.5208333333333334,0.5682342337333225,False
3381,BEN-003381,5,6400.0,5000.0,32000.0,1.28,0.49524520840751496,False
3382,BEN-003382,4,6875.0,0.0,27500.0,6.875,0.6296784799044448,True
3383,BEN-003383,6,7666.666666666667,8000.0,46000.0,0.9583333333333334,0.43070457535883455,False
3384,BEN-003384,6,7083.333333333333,12000.0,42500.0,0.5902777777777778,0.40405393846082466,False
3385,BEN-003385,7,8785.714285714286,8000.0,61500.0,1.0982142857142858,0.6420737667645816,True
3386,BEN-003386,6,7333.333333333333,12000.0,44000.0,0.611111111111111,0.4067260215275148,False
3388,BEN-003388,6,6500.0,25000.0,39000.0,0.26,0.49521227721951283,False
3391,BEN-003391,5,6500.0,15000.0,32500.0,0.43333333333333335,0.4589586189190211,False
3392,BEN-003392,6,7750.0,12000.0,46500.0,0.6458333333333334,0.4222568366341969,False
3397,BEN-003397,6,5700.0,20000.0,34200.0,0.285,0.5380862830666059,False
3399,BEN-003399,4,7000.0,12000.0,28000.0,0.5833333333333334,0.5192606047723836,False
3400,BEN-003400,6,6700.0,0.0,40200.0,6.7,0.5118447126384219,False
3402,BEN-003402,6,7416.666666666667,0.0,44500.0,7.416666666666667,0.4981384740234462,False
3406,BEN-003406,6,7083.333333333333,15000.0,42500.0,0.4722222222222222,0.40925197367048816,False
3409,BEN-003409,6,6916.666666666667,25000.0,41500.0,0.27666666666666667,0.4556777336727081,False
3411,BEN-003411,6,7916.666666666667,20000.0,47500.0,0.39583333333333337,0.4465673291275192,False
3412,BEN-003412,5,6800.0,20000.0,34000.0,0.34,0.4570943282027545,False
3413,BEN-003413,5,6400.0,12000.0,32000.0,0.5333333333333333,0.4582800730249438,False
3414,BEN-003414,5,6600.0,12000.0,33000.0,0.55,0.44355635627588713,False
3415,BEN-003415,6,7500.0,15000.0,45000.0,0.5,0.4119005142784292,False
3420,BEN-003420,6,7916.666666666667,12000.0,47500.0,0.6597222222222222,0.4304462889684012,False
3421,BEN-003421,5,6250.0,15000.0,31250.0,0.4166666666666667,0.48203461507158424,False
3423,BEN-003423,6,7500.0,15000.0,45000.0,0.5,0.4119005142784292,False
3424,BEN-003424,5,6700.0,12000.0,33500.0,0.5583333333333333,0.43635930956124647,False
3426,BEN-003426,6,7833.333333333333,20000.0,47000.0,0.39166666666666666,0.44310732626402916,False
3429,BEN-003429,6,8166.666666666667,20000.0,49000.0,0.4083333333333333,0.46495258305805265,False
3431,BEN-003431,6,8000.0,25000.0,48000.0,0.32,0.48675279201205096,False
3432,BEN-003432,6,6916.666666666667,8000.0,41500.0,0.8645833333333334,0.42374081596835644,False
3434,BEN-003434,6,6583.333333333333,8000.0,39500.0,0.8229166666666666,0.43844104793285993,False
3436,BEN-003436,4,7125.0,15000.0,28500.0,0.475,0.5258835448025994,False
3437,BEN-003437,6,6600.0,5000.0,39600.0,1.32,0.46846589525310484,False
3438,BEN-003438,6,6916.666666666667,12000.0,41500.0,0.576388888888889,0.4079733186636438,False
3439,BEN-003439,6,6666.666666666667,0.0,40000.0,6.666666666666667,0.5165359548748999,False
3441,BEN-003441,6,7666.666666666667,0.0,46000.0,7.666666666666667,0.5191328601472042,False
3443,BEN-003443,6,8250.0,12000.0,49500.0,0.6875,0.46241057042097083,False
3444,BEN-003444,4,7750.0,25000.0,31000.0,0.31,0.5599544203400715,False
3445,BEN-003445,5,6900.0,12000.0,34500.0,0.575,0.4251451617751825,False
3447,BEN-003447,5,8000.0,15000.0,40000.0,0.5333333333333333,0.4474495353499918,False
3448,BEN-003448,6,7333.333333333333,0.0,44000.0,7.333333333333333,0.49684475640385023,False
3449,BEN-003449,6,6583.333333333333,15000.0,39500.0,0.4388888888888889,0.42998586023902674,False
3450,BEN-003450,5,7100.0,0.0,35500.0,7.1,0.5370751535082442,False
3451,BEN-003451,6,6700.0,5000.0,40200.0,1.34,0.46009677043822966,False
3452,BEN-003452,6,7750.0,20000.0,46500.0,0.3875,0.4396754891280174,False
3455,BEN-003455,6,7166.666666666667,8000.0,43000.0,0.8958333333333334,0.4180836481624833,False
3459,BEN-003459,6,6583.333333333333,0.0,39500.0,6.583333333333333,0.524624894090196,False
3461,BEN-003461,6,8500.0,0.0,51000.0,8.5,0.6015642015568502,True
3463,BEN-003463,5,6700.0,25000.0,33500.0,0.268,0.49607444329897005,False
3464,BEN-003464,6,6750.0,25000.0,40500.0,0.27,0.4724862487629912,False
3465,BEN-003465,6,8666.666666666666,15000.0,52000.0,0.5777777777777777,0.5190668417571311,False
3467,BEN-003467,5,8200.0,0.0,41000.0,8.2,0.591992072949125,False
3469,BEN-003469,4,8250.0,15000.0,33000.0,0.55,0.543727711106575,False
3472,BEN-003472,5,7700.0,8000.0,38500.0,0.9625,0.44575752687145864,False
3473,BEN-003473,6,7083.333333333333,15000.0,42500.0,0.4722222222222222,0.40925197367048816,False
3476,BEN-003476,5,6900.0,0.0,34500.0,6.9,0.5460357971401621,False
3479,BEN-003479,5,6700.0,8000.0,33500.0,0.8375,0.446188188169255,False
3480,BEN-003480,5,7400.0,8000.0,37000.0,0.925,0.4330927448626349,False
3481,BEN-003481,6,6500.0,15000.0,39000.0,0.43333333333333335,0.4342891856523154,False
3484,BEN-003484,6,6500.0,20000.0,39000.0,0.325,0.4549808166847371,False
3485,BEN-003485,5,7500.0,15000.0,37500.0,0.5,0.4296067315089946,False
3486,BEN-003486,5,7600.0,25000.0,38000.0,0.304,0.4746523023951251,False
3488,BEN-003488,5,7800.0,0.0,39000.0,7.8,0.5591434510886998,False
3489,BEN-003489,6,7916.666666666667,5000.0,47500.0,1.5833333333333335,0.46715922918429204,False
3491,BEN-003491,5,8300.0,5000.0,41500.0,1.66,0.5112545589123725,False
3492,BEN-003492,5,7500.0,20000.0,37500.0,0.375,0.4515968197417531,False
3493,BEN-003493,6,6666.666666666667,5000.0,40000.0,1.3333333333333335,0.46343242964087694,False
3494,BEN-003494,6,5750.0,5000.0,34500.0,1.15,0.5353429310752419,False
3496,BEN-003496,5,6600.0,0.0,33000.0,6.6,0.569426683579076,False
3497,BEN-003497,5,7750.0,25000.0,38750.0,0.31,0.4732332257923384,False
3501,BEN-003501,4,8125.0,20000.0,32500.0,0.40625,0.5578775396940391,False
3502,BEN-003502,6,6416.666666666667,12000.0,38500.0,0.5347222222222222,0.43167773344957144,False
3505,BEN-003505,5,8500.0,20000.0,42500.0,0.425,0.49844206553788856,False
3508,BEN-003508,6,6250.0,0.0,37500.0,6.25,0.5596841383129003,False
3509,BEN-003509,5,8000.0,0.0,40000.0,8.0,0.5788002970898865,False
3517,BEN-003517,6,9250.0,12000.0,55500.0,0.7708333333333334,0.5725858662045523,False
3518,BEN-003518,6,6833.333333333333,8000.0,41000.0,0.8541666666666666,0.42597710088881346,False
3520,BEN-003520,6,6000.0,12000.0,36000.0,0.5,0.4722070705971529,False
3522,BEN-003522,6,9200.0,0.0,55200.0,9.2,0.6746581339139465,True
3524,BEN-003524,6,7000.0,12000.0,42000.0,0.5833333333333334,0.40427342282283896,False
3530,BEN-003530,5,6900.0,5000.0,34500.0,1.38,0.46523082127474824,False
3532,BEN-003532,6,8416.666666666666,20000.0,50500.0,0.4208333333333333,0.48916673349194867,False
3533,BEN-003533,6,6333.333333333333,0.0,38000.0,6.333333333333333,0.5518458007029513,False
3535,BEN-003535,4,6000.0,5000.0,24000.0,1.2,0.6136758172409729,True
3536,BEN-003536,6,7750.0,0.0,46500.0,7.75,0.5249553998896437,False
3537,BEN-003537,6,7750.0,8000.0,46500.0,0.96875,0.43302564881072286,False
3539,BEN-003539,5,8200.0,12000.0,41000.0,0.6833333333333333,0.45830873614434087,False
3540,BEN-003540,6,6166.666666666667,12000.0,37000.0,0.513888888888889,0.4559783143421751,False
3541,BEN-003541,6,7166.666666666667,25000.0,43000.0,0.2866666666666667,0.44476480688725956,False
3542,BEN-003542,5,7700.0,8000.0,38500.0,0.9625,0.44575752687145864,False
3543,BEN-003543,5,7800.0,8000.0,39000.0,0.975,0.44965083283826773,False
3545,BEN-003545,6,7400.0,5000.0,44400.0,1.48,0.44019407328849497,False
3548,BEN-003548,6,8200.0,25000.0,49200.0,0.328,0.5026497942542083,False
3549,BEN-003549,6,7916.666666666667,0.0,47500.0,7.916666666666667,0.5402768790584213,False
3552,BEN-003552,6,6000.0,20000.0,36000.0,0.3,0.5052757909827092,False
3559,BEN-003559,5,9600.0,20000.0,48000.0,0.48,0.5780015625156408,False
3560,BEN-003560,4,8250.0,20000.0,33000.0,0.4125,0.5647760149370117,False
3561,BEN-003561,5,8200.0,25000.0,41000.0,0.328,0.49788388738388234,False
3563,BEN-003563,6,7416.666666666667,20000.0,44500.0,0.37083333333333335,0.4274387057758258,False
3565,BEN-003565,6,5666.666666666667,5000.0,34000.0,1.1333333333333333,0.5411748036792777,False
3566,BEN-003566,6,7000.0,12000.0,42000.0,0.5833333333333334,0.40427342282283896,False
3570,BEN-003570,4,8250.0,25000.0,33000.0,0.33,0.5787902596411659,False
3571,BEN-003571,6,7250.0,12000.0,43500.0,0.6041666666666666,0.40348911015316136,False
3572,BEN-003572,6,7250.0,15000.0,43500.0,0.48333333333333334,0.40437264834463044,False
3573,BEN-003573,6,5916.666666666667,8000.0,35500.0,0.7395833333333334,0.49798303648166636,False
3575,BEN-003575,6,7500.0,12000.0,45000.0,0.625,0.4111577820352351,False
3576,BEN-003576,5,7500.0,12000.0,37500.0,0.625,0.4227644073099692,False
3577,BEN-003577,5,9000.0,8000.0,45000.0,1.125,0.5467536045394634,False
3580,BEN-003580,6,7083.333333333333,5000.0,42500.0,1.4166666666666665,0.4427695234653637,False
3581,BEN-003581,6,7400.0,0.0,44400.0,7.4,0.4975122493019127,False
3583,BEN-003583,6,7416.666666666667,20000.0,44500.0,0.37083333333333335,0.4274387057758258,False
3584,BEN-003584,5,5800.0,25000.0,29000.0,0.232,0.5900668692081765,False
3585,BEN-003585,5,8100.0,15000.0,40500.0,0.54,0.4553621261733621,False
3587,BEN-003587,6,7000.0,25000.0,42000.0,0.28,0.44966865686961016,False
3595,BEN-003595,5,7300.0,20000.0,36500.0,0.365,0.4482162303441208,False
3596,BEN-003596,6,7333.333333333333,12000.0,44000.0,0.611111111111111,0.4067260215275148,False
3597,BEN-003597,6,8166.666666666667,8000.0,49000.0,1.0208333333333335,0.4656578156393299,False
3599,BEN-003599,6,6916.666666666667,15000.0,41500.0,0.46111111111111114,0.4150233608965474,False
3601,BEN-003601,5,7200.0,8000.0,36000.0,0.9,0.429117168062162,False
3602,BEN-003602,6,7000.0,0.0,42000.0,7.0,0.49953199854908753,False
3603,BEN-003603,5,7700.0,8000.0,38500.0,0.9625,0.44575752687145864,False
3604,BEN-003604,4,6875.0,20000.0,27500.0,0.34375,0.5547142830623379,False
3605,BEN-003605,6,8583.333333333334,5000.0,51500.0,1.7166666666666668,0.5316233042781319,False
3608,BEN-003608,6,7500.0,8000.0,45000.0,0.9375,0.42721708784047296,False
3609,BEN-003609,5,6800.0,8000.0,34000.0,0.85,0.4421892783990404,False
3610,BEN-003610,6,7833.333333333333,15000.0,47000.0,0.5222222222222223,0.42719158098602295,False
3611,BEN-003611,4,7000.0,12000.0,28000.0,0.5833333333333334,0.5192606047723836,False
3612,BEN-003612,6,5700.0,0.0,34200.0,5.7,0.6124634207371582,True
3614,BEN-003614,6,8000.0,8000.0,48000.0,1.0,0.4500413082275428,False
3619,BEN-003619,6,7083.333333333333,12000.0,42500.0,0.5902777777777778,0.40405393846082466,False
3620,BEN-003620,6,6666.666666666667,25000.0,40000.0,0.26666666666666666,0.47817892025451136,False
3621,BEN-003621,6,7333.333333333333,25000.0,44000.0,0.29333333333333333,0.44446790144816445,False
3623,BEN-003623,6,7083.333333333333,0.0,42500.0,7.083333333333333,0.5032539404610213,False
3624,BEN-003624,6,8000.0,5000.0,48000.0,1.6,0.47010411436696675,False
3632,BEN-003632,6,7416.666666666667,15000.0,44500.0,0.49444444444444446,0.4074016837132436,False
3633,BEN-003633,6,6916.666666666667,25000.0,41500.0,0.27666666666666667,0.4556777336727081,False
3634,BEN-003634,6,7916.666666666667,12000.0,47500.0,0.6597222222222222,0.4304462889684012,False
3635,BEN-003635,6,7700.0,5000.0,46200.0,1.54,0.45011626181802705,False
3637,BEN-003637,6,8000.0,15000.0,48000.0,0.5333333333333333,0.4377274688223761,False
3639,BEN-003639,6,7833.333333333333,0.0,47000.0,7.833333333333333,0.5313981394594536,False
3640,BEN-003640,5,7200.0,8000.0,36000.0,0.9,0.429117168062162,False
3643,BEN-003643,6,7000.0,8000.0,42000.0,0.875,0.421200081245371,False
3645,BEN-003645,6,7666.666666666667,12000.0,46000.0,0.638888888888889,0.41826353361119567,False
3646,BEN-003646,6,6916.666666666667,8000.0,41500.0,0.8645833333333334,0.42374081596835644,False
3647,BEN-003647,6,7833.333333333333,15000.0,47000.0,0.5222222222222223,0.42719158098602295,False
3649,BEN-003649,5,5900.0,12000.0,29500.0,0.49166666666666664,0.5092937085703018,False
3650,BEN-003650,6,8083.333333333333,5000.0,48500.0,1.6166666666666667,0.47705454371459494,False
3651,BEN-003651,5,7600.0,8000.0,38000.0,0.95,0.44511496153566876,False
3653,BEN-003653,6,7666.666666666667,8000.0,46000.0,0.9583333333333334,0.43070457535883455,False
3654,BEN-003654,6,7333.333333333333,5000.0,44000.0,1.4666666666666666,0.43883584308070206,False
3656,BEN-003656,6,6500.0,0.0,39000.0,6.5,0.5280884576797203,False
3657,BEN-003657,5,7400.0,25000.0,37000.0,0.296,0.47321597876348437,False
3662,BEN-003662,5,7600.0,0.0,38000.0,7.6,0.5460749826577526,False
3664,BEN-003664,6,7583.333333333333,0.0,45500.0,7.583333333333333,0.5139417330673225,False
3665,BEN-003665,6,8083.333333333333,20000.0,48500.0,0.4041666666666667,0.4597588572066277,False
3667,BEN-003667,5,7200.0,0.0,36000.0,7.2,0.5396022175979002,False
3671,BEN-003671,6,7583.333333333333,25000.0,45500.0,0.30333333333333334,0.4554634491427714,False
3673,BEN-003673,5,7800.0,5000.0,39000.0,1.56,0.4779972280459396,False
3674,BEN-003674,5,8200.0,12000.0,41000.0,0.6833333333333333,0.45830873614434087,False
3677,BEN-003677,6,6833.333333333333,5000.0,41000.0,1.3666666666666667,0.45495135764024525,False
3678,BEN-003678,4,5875.0,0.0,23500.0,5.875,0.6796281242968893,True
3679,BEN-003679,6,6583.333333333333,15000.0,39500.0,0.4388888888888889,0.42998586023902674,False
3680,BEN-003680,5,6500.0,5000.0,32500.0,1.3,0.48647911297060953,False
3681,BEN-003681,5,6625.0,8000.0,33125.0,0.828125,0.4513764404007077,False
3685,BEN-003685,6,7000.0,5000.0,42000.0,1.4,0.446252410796028,False
3686,BEN-003686,5,6900.0,0.0,34500.0,6.9,0.5460357971401621,False
3687,BEN-003687,6,7400.0,20000.0,44400.0,0.37,0.4264562128832941,False
3688,BEN-003688,4,6625.0,12000.0,26500.0,0.5520833333333334,0.5365022135558088,False
3690,BEN-003690,5,7100.0,5000.0,35500.0,1.42,0.45742148502293734,False
3691,BEN-003691,6,6833.333333333333,15000.0,41000.0,0.45555555555555555,0.4165639860726367,False
3692,BEN-003692,4,8375.0,5000.0,33500.0,1.675,0.5885229563220121,False
3693,BEN-003693,6,6166.666666666667,20000.0,37000.0,0.30833333333333335,0.4889137902973353,False
3694,BEN-003694,6,7500.0,0.0,45000.0,7.5,0.5049842080267292,False
3695,BEN-003695,6,7083.333333333333,25000.0,42500.0,0.2833333333333333,0.4467954538042788,False
3696,BEN-003696,4,6500.0,8000.0,26000.0,0.8125,0.5570598255447401,False
3697,BEN-003697,5,7000.0,20000.0,35000.0,0.35,0.4476589295995726,False
3701,BEN-003701,6,7500.0,25000.0,45000.0,0.3,0.45277620909754823,False
3703,BEN-003703,6,7800.0,12000.0,46800.0,0.65,0.42211691245551236,False
3706,BEN-003706,4,7750.0,5000.0,31000.0,1.55,0.5581093271055853,False
3708,BEN-003708,6,7000.0,8000.0,42000.0,0.875,0.421200081245371,False
3710,BEN-003710,4,8875.0,12000.0,35500.0,0.7395833333333334,0.582990495227686,False
3711,BEN-003711,6,7333.333333333333,5000.0,44000.0,1.4666666666666666,0.43883584308070206,False
3712,BEN-003712,4,7250.0,12000.0,29000.0,0.6041666666666666,0.5103766152477197,False
3713,BEN-003713,6,8500.0,25000.0,51000.0,0.34,0.5313912719435413,False
3714,BEN-003714,4,6500.0,15000.0,26000.0,0.43333333333333335,0.5567881579815142,False
3715,BEN-003715,6,6250.0,8000.0,37500.0,0.78125,0.46567741100899857,False
3718,BEN-003718,5,7200.0,15000.0,36000.0,0.48,0.4235418833812642,False
3720,BEN-003720,6,8833.333333333334,12000.0,53000.0,0.7361111111111112,0.536109178616208,False
3722,BEN-003722,5,8600.0,0.0,43000.0,8.6,0.6287880305851546,True
3724,BEN-003724,6,6750.0,0.0,40500.0,6.75,0.5104138123828107,False
3731,BEN-003731,6,6916.666666666667,12000.0,41500.0,0.576388888888889,0.4079733186636438,False
3732,BEN-003732,6,6750.0,8000.0,40500.0,0.84375,0.42890957725939516,False
3734,BEN-003734,4,7375.0,0.0,29500.0,7.375,0.6255668543105072,True
3736,BEN-003736,5,6800.0,20000.0,34000.0,0.34,0.4570943282027545,False
3737,BEN-003737,5,7800.0,12000.0,39000.0,0.65,0.4322718669614045,False
3738,BEN-003738,5,7300.0,20000.0,36500.0,0.365,0.4482162303441208,False
3739,BEN-003739,4,7375.0,15000.0,29500.0,0.49166666666666664,0.5208159675450971,False
3741,BEN-003741,6,7500.0,20000.0,45000.0,0.375,0.4290307548788125,False
3745,BEN-003745,6,7166.666666666667,25000.0,43000.0,0.2866666666666667,0.44476480688725956,False
3746,BEN-003746,5,6500.0,15000.0,32500.0,0.43333333333333335,0.4589586189190211,False
3747,BEN-003747,5,6900.0,15000.0,34500.0,0.46,0.43581937038565766,False
3754,BEN-003754,4,6000.0,0.0,24000.0,6.0,0.6717609757379652,True
3756,BEN-003756,5,8000.0,5000.0,40000.0,1.6,0.49120132051159243,False
3757,BEN-003757,4,7875.0,15000.0,31500.0,0.525,0.5247085172444991,False
3758,BEN-003758,6,7333.333333333333,12000.0,44000.0,0.611111111111111,0.4067260215275148,False
3759,BEN-003759,6,6166.666666666667,25000.0,37000.0,0.24666666666666667,0.5300490544418268,False
3760,BEN-003760,6,7166.666666666667,12000.0,43000.0,0.5972222222222222,0.40173336953596217,False
3762,BEN-003762,5,8100.0,8000.0,40500.0,1.0125,0.46904178472243163,False
3766,BEN-003766,6,7250.0,5000.0,43500.0,1.45,0.4363246041627491,False
3767,BEN-003767,5,7800.0,15000.0,39000.0,0.52,0.437134513219704,False
3773,BEN-003773,6,7833.333333333333,20000.0,47000.0,0.39166666666666666,0.44310732626402916,False
3774,BEN-003774,5,6900.0,8000.0,34500.0,0.8625,0.4378469004866152,False
3777,BEN-003777,6,7000.0,0.0,42000.0,7.0,0.49953199854908753,False
3778,BEN-003778,6,7333.333333333333,15000.0,44000.0,0.4888888888888889,0.4078229721209872,False
3779,BEN-003779,6,8833.333333333334,0.0,53000.0,8.833333333333334,0.6506302666083289,True
3781,BEN-003781,4,6125.0,15000.0,24500.0,0.4083333333333333,0.5880840237394666,False
3782,BEN-003782,6,8500.0,20000.0,51000.0,0.425,0.4959857803675142,False
3783,BEN-003783,6,7500.0,0.0,45000.0,7.5,0.5049842080267292,False
3785,BEN-003785,5,7300.0,8000.0,36500.0,0.9125,0.43196257100393354,False
3786,BEN-003786,6,7666.666666666667,20000.0,46000.0,0.38333333333333336,0.4350890415164608,False
3788,BEN-003788,6,6333.333333333333,20000.0,38000.0,0.31666666666666665,0.4750968243574256,False
3790,BEN-003790,5,7900.0,12000.0,39500.0,0.6583333333333333,0.437519001428151,False
3791,BEN-003791,5,7000.0,0.0,35000.0,7.0,0.5403367635786007,False
3793,BEN-003793,6,7333.333333333333,25000.0,44000.0,0.29333333333333333,0.44446790144816445,False
3794,BEN-003794,6,6083.333333333333,20000.0,36500.0,0.30416666666666664,0.49614881731762517,False
3795,BEN-003795,6,7666.666666666667,20000.0,46000.0,0.38333333333333336,0.4350890415164608,False
3797,BEN-003797,6,7416.666666666667,8000.0,44500.0,0.9270833333333334,0.4221969531440606,False
3798,BEN-003798,5,6500.0,5000.0,32500.0,1.3,0.48647911297060953,False
3801,BEN-003801,6,8166.666666666667,15000.0,49000.0,0.5444444444444445,0.4555328404631699,False
3803,BEN-003803,6,6583.333333333333,15000.0,39500.0,0.4388888888888889,0.42998586023902674,False
3804,BEN-003804,5,7700.0,5000.0,38500.0,1.54,0.47091922038900197,False
3807,BEN-003807,6,7166.666666666667,12000.0,43000.0,0.5972222222222222,0.40173336953596217,False
3808,BEN-003808,5,5800.0,8000.0,29000.0,0.725,0.5295473669156098,False
3809,BEN-003809,6,6916.666666666667,15000.0,41500.0,0.46111111111111114,0.4150233608965474,False
3810,BEN-003810,6,7100.0,12000.0,42600.0,0.5916666666666667,0.40334371717434103,False
3811,BEN-003811,6,6916.666666666667,15000.0,41500.0,0.46111111111111114,0.4150233608965474,False
3814,BEN-003814,6,6583.333333333333,0.0,39500.0,6.583333333333333,0.524624894090196,False
3815,BEN-003815,6,7833.333333333333,15000.0,47000.0,0.5222222222222223,0.42719158098602295,False
3817,BEN-003817,6,7666.666666666667,15000.0,46000.0,0.5111111111111112,0.42030386002186115,False
3818,BEN-003818,4,7125.0,12000.0,28500.0,0.59375,0.5126499871789777,False
3820,BEN-003820,6,6833.333333333333,12000.0,41000.0,0.5694444444444444,0.40927566652395114,False
3821,BEN-003821,5,6900.0,20000.0,34500.0,0.345,0.45163077072691465,False
3822,BEN-003822,4,7250.0,20000.0,29000.0,0.3625,0.5442121489921411,False
3824,BEN-003824,6,7333.333333333333,20000.0,44000.0,0.36666666666666664,0.4273329462960274,False
3825,BEN-003825,6,8166.666666666667,20000.0,49000.0,0.4083333333333333,0.46495258305805265,False
3826,BEN-003826,5,6700.0,15000.0,33500.0,0.44666666666666666,0.44602825817634256,False
3828,BEN-003828,6,9583.333333333334,20000.0,57500.0,0.4791666666666667,0.6068341167388355,True
3829,BEN-003829,6,7400.0,12000.0,44400.0,0.6166666666666667,0.4091610296926774,False
3831,BEN-003831,5,7000.0,20000.0,35000.0,0.35,0.4476589295995726,False
3832,BEN-003832,6,7500.0,15000.0,45000.0,0.5,0.4119005142784292,False
3834,BEN-003834,5,6500.0,25000.0,32500.0,0.26,0.5178689002336896,False
3835,BEN-003835,6,7833.333333333333,0.0,47000.0,7.833333333333333,0.5313981394594536,False
3836,BEN-003836,4,8000.0,12000.0,32000.0,0.6666666666666666,0.5259901823050458,False
3837,BEN-003837,4,6875.0,5000.0,27500.0,1.375,0.5620067681860703,False
3838,BEN-003838,5,6600.0,8000.0,33000.0,0.825,0.45402979708631297,False
3839,BEN-003839,5,6000.0,15000.0,30000.0,0.4,0.507350834575209,False
3840,BEN-003840,5,6500.0,8000.0,32500.0,0.8125,0.45915083091981923,False
3841,BEN-003841,6,7250.0,25000.0,43500.0,0.29,0.4431079978007452,False
3843,BEN-003843,6,7666.666666666667,25000.0,46000.0,0.3066666666666667,0.45423809162154843,False
3844,BEN-003844,6,7833.333333333333,15000.0,47000.0,0.5222222222222223,0.42719158098602295,False
3846,BEN-003846,5,7100.0,8000.0,35500.0,0.8875,0.43131672532493953,False
3848,BEN-003848,5,6700.0,8000.0,33500.0,0.8375,0.446188188169255,False
3856,BEN-003856,5,7700.0,0.0,38500.0,7.7,0.5507356056688131,False
3860,BEN-003860,7,8857.142857142857,0.0,62000.0,8.857142857142858,0.7156091019554403,True
3861,BEN-003861,5,7700.0,20000.0,38500.0,0.385,0.4530266771050681,False
3863,BEN-003863,6,6916.666666666667,12000.0,41500.0,0.576388888888889,0.4079733186636438,False
3865,BEN-003865,5,6000.0,0.0,30000.0,6.0,0.6201478197546748,True
3866,BEN-003866,6,6583.333333333333,5000.0,39500.0,1.3166666666666667,0.47070154387529034,False
3867,BEN-003867,6,8250.0,15000.0,49500.0,0.55,0.46485443854101427,False
3871,BEN-003871,5,9200.0,8000.0,46000.0,1.15,0.556268020651829,False
3873,BEN-003873,6,7300.0,5000.0,43800.0,1.46,0.43699017518799504,False
3875,BEN-003875,5,7900.0,25000.0,39500.0,0.316,0.4801006482888235,False
3877,BEN-003877,6,7583.333333333333,25000.0,45500.0,0.30333333333333334,0.4554634491427714,False
3878,BEN-003878,6,6833.333333333333,15000.0,41000.0,0.45555555555555555,0.4165639860726367,False
3880,BEN-003880,6,7000.0,12000.0,42000.0,0.5833333333333334,0.40427342282283896,False
3881,BEN-003881,3,7166.666666666667,8000.0,21500.0,0.8958333333333334,0.6348767538310102,True
3883,BEN-003883,6,7400.0,0.0,44400.0,7.4,0.4975122493019127,False
3884,BEN-003884,6,6333.333333333333,20000.0,38000.0,0.31666666666666665,0.4750968243574256,False
3886,BEN-003886,5,7500.0,8000.0,37500.0,0.9375,0.43901899347869916,False
3887,BEN-003887,6,6583.333333333333,15000.0,39500.0,0.4388888888888889,0.42998586023902674,False
3888,BEN-003888,6,8083.333333333333,5000.0,48500.0,1.6166666666666667,0.47705454371459494,False
3889,BEN-003889,6,7800.0,25000.0,46800.0,0.312,0.4647090069078089,False
3890,BEN-003890,6,7500.0,0.0,45000.0,7.5,0.5049842080267292,False
3895,BEN-003895,5,6900.0,12000.0,34500.0,0.575,0.4251451617751825,False
3897,BEN-003897,6,7583.333333333333,12000.0,45500.0,0.6319444444444444,0.4160499050760776,False
3898,BEN-003898,6,7083.333333333333,8000.0,42500.0,0.8854166666666666,0.4196600686541553,False
3899,BEN-003899,5,8125.0,25000.0,40625.0,0.325,0.4965043586292498,False
3900,BEN-003900,5,6500.0,15000.0,32500.0,0.43333333333333335,0.4589586189190211,False
3901,BEN-003901,5,7400.0,12000.0,37000.0,0.6166666666666667,0.4173940797277093,False
3903,BEN-003903,6,6300.0,20000.0,37800.0,0.315,0.47632266476396057,False
3904,BEN-003904,6,7333.333333333333,20000.0,44000.0,0.36666666666666664,0.4273329462960274,False
3905,BEN-003905,5,6200.0,5000.0,31000.0,1.24,0.5151373776654996,False
3906,BEN-003906,5,6100.0,0.0,30500.0,6.1,0.6097836327880365,True
3910,BEN-003910,6,7416.666666666667,8000.0,44500.0,0.9270833333333334,0.4221969531440606,False
3911,BEN-003911,6,6250.0,20000.0,37500.0,0.3125,0.48136914191327757,False
3912,BEN-003912,6,5833.333333333333,12000.0,35000.0,0.4861111111111111,0.4932315912682409,False
3913,BEN-003913,6,5333.333333333333,0.0,32000.0,5.333333333333333,0.6347042862374013,True
3915,BEN-003915,6,8400.0,0.0,50400.0,8.4,0.5930872478690344,False
3917,BEN-003917,6,6916.666666666667,12000.0,41500.0,0.576388888888889,0.4079733186636438,False
3918,BEN-003918,6,7250.0,20000.0,43500.0,0.3625,0.4263457028701548,False
3920,BEN-003920,6,7500.0,20000.0,45000.0,0.375,0.4290307548788125,False
3921,BEN-003921,4,7750.0,8000.0,31000.0,0.96875,0.5283041979507647,False
3922,BEN-003922,6,7333.333333333333,20000.0,44000.0,0.36666666666666664,0.4273329462960274,False
3923,BEN-003923,6,8500.0,12000.0,51000.0,0.7083333333333334,0.4844308643933401,False
3924,BEN-003924,5,6750.0,8000.0,33750.0,0.84375,0.44422060542750536,False
3926,BEN-003926,5,7300.0,5000.0,36500.0,1.46,0.46163151759978116,False
3927,BEN-003927,6,6500.0,25000.0,39000.0,0.26,0.49521227721951283,False
3932,BEN-003932,5,6800.0,0.0,34000.0,6.8,0.5511926356686022,False
3934,BEN-003934,6,8000.0,8000.0,48000.0,1.0,0.4500413082275428,False
3939,BEN-003939,6,6000.0,8000.0,36000.0,0.75,0.4881488128459989,False
3943,BEN-003943,6,7083.333333333333,25000.0,42500.0,0.2833333333333333,0.4467954538042788,False
3944,BEN-003944,5,6900.0,0.0,34500.0,6.9,0.5460357971401621,False
3945,BEN-003945,6,6833.333333333333,15000.0,41000.0,0.45555555555555555,0.4165639860726367,False
3948,BEN-003948,6,8000.0,20000.0,48000.0,0.4,0.4530384065307242,False
3949,BEN-003949,6,7833.333333333333,0.0,47000.0,7.833333333333333,0.5313981394594536,False
3950,BEN-003950,6,7083.333333333333,5000.0,42500.0,1.4166666666666665,0.4427695234653637,False
3953,BEN-003953,6,6416.666666666667,8000.0,38500.0,0.8020833333333334,0.45096681114106235,False
3954,BEN-003954,6,7500.0,12000.0,45000.0,0.625,0.4111577820352351,False
3960,BEN-003960,5,7100.0,25000.0,35500.0,0.284,0.4716707816284862,False
3962,BEN-003962,6,7500.0,0.0,45000.0,7.5,0.5049842080267292,False
3964,BEN-003964,6,6166.666666666667,8000.0,37000.0,0.7708333333333334,0.4772032725292935,False
3965,BEN-003965,6,8500.0,25000.0,51000.0,0.34,0.5313912719435413,False
3966,BEN-003966,6,8000.0,5000.0,48000.0,1.6,0.47010411436696675,False
3967,BEN-003967,5,6300.0,5000.0,31500.0,1.26,0.5031586529063174,False
3968,BEN-003968,6,8500.0,0.0,51000.0,8.5,0.6015642015568502,True
3969,BEN-003969,6,7250.0,0.0,43500.0,7.25,0.4999666522983651,False
3972,BEN-003972,6,7833.333333333333,5000.0,47000.0,1.5666666666666667,0.4591394347786999,False
3974,BEN-003974,5,7300.0,0.0,36500.0,7.3,0.541735628629666,False
3976,BEN-003976,6,8166.666666666667,15000.0,49000.0,0.5444444444444445,0.4555328404631699,False
3977,BEN-003977,6,7250.0,5000.0,43500.0,1.45,0.4363246041627491,False
3979,BEN-003979,6,7916.666666666667,15000.0,47500.0,0.5277777777777778,0.43261365428474324,False
3980,BEN-003980,6,7916.666666666667,5000.0,47500.0,1.5833333333333335,0.46715922918429204,False
3983,BEN-003983,5,7300.0,25000.0,36500.0,0.292,0.47220770336561596,False
3991,BEN-003991,6,7333.333333333333,15000.0,44000.0,0.4888888888888889,0.4078229721209872,False
3997,BEN-003997,7,9142.857142857143,8000.0,64000.0,1.1428571428571428,0.6644065991611553,True
3998,BEN-003998,6,6500.0,0.0,39000.0,6.5,0.5280884576797203,False
3999,BEN-003999,6,7583.333333333333,25000.0,45500.0,0.30333333333333334,0.4554634491427714,False
4000,BEN-004000,6,6500.0,8000.0,39000.0,0.8125,0.4451829032738355,False
4006,BEN-004006,4,6875.0,12000.0,27500.0,0.5729166666666666,0.5266184010027204,False
4007,BEN-004007,5,6800.0,25000.0,34000.0,0.272,0.488546998259088,False
4008,BEN-004008,4,8250.0,25000.0,33000.0,0.33,0.5787902596411659,False
4009,BEN-004009,6,8333.333333333334,0.0,50000.0,8.333333333333334,0.5853096902989801,False
4010,BEN-004010,6,6833.333333333333,15000.0,41000.0,0.45555555555555555,0.4165639860726367,False
4011,BEN-004011,5,6100.0,0.0,30500.0,6.1,0.6097836327880365,True
4012,BEN-004012,6,7416.666666666667,25000.0,44500.0,0.2966666666666667,0.44673503436241024,False
4013,BEN-004013,6,7750.0,5000.0,46500.0,1.55,0.4529538178323627,False
4016,BEN-004016,6,6250.0,12000.0,37500.0,0.5208333333333334,0.45057949549481213,False
4017,BEN-004017,6,6750.0,25000.0,40500.0,0.27,0.4724862487629912,False
4018,BEN-004018,6,6800.0,0.0,40800.0,6.8,0.5046534724990366,False
4019,BEN-004019,6,8250.0,8000.0,49500.0,1.03125,0.4789658394396086,False
4020,BEN-004020,6,6916.666666666667,20000.0,41500.0,0.3458333333333333,0.43298706922799546,False
4022,BEN-004022,6,7333.333333333333,8000.0,44000.0,0.9166666666666666,0.42122345717665527,False
4025,BEN-004025,5,8500.0,25000.0,42500.0,0.34,0.5263791448369064,False
4031,BEN-004031,4,8500.0,5000.0,34000.0,1.7,0.5942780499036261,False
4032,BEN-004032,6,6833.333333333333,5000.0,41000.0,1.3666666666666667,0.45495135764024525,False
4034,BEN-004034,5,7500.0,15000.0,37500.0,0.5,0.4296067315089946,False
4035,BEN-004035,6,6916.666666666667,5000.0,41500.0,1.3833333333333333,0.4523822031134625,False
4037,BEN-004037,5,7200.0,8000.0,36000.0,0.9,0.429117168062162,False
4038,BEN-004038,6,6666.666666666667,20000.0,40000.0,0.33333333333333337,0.44540237010443806,False
4039,BEN-004039,5,7900.0,12000.0,39500.0,0.6583333333333333,0.437519001428151,False
4041,BEN-004041,6,8166.666666666667,15000.0,49000.0,0.5444444444444445,0.4555328404631699,False
4042,BEN-004042,6,6583.333333333333,8000.0,39500.0,0.8229166666666666,0.43844104793285993,False
4043,BEN-004043,5,7100.0,0.0,35500.0,7.1,0.5370751535082442,False
4045,BEN-004045,5,7400.0,8000.0,37000.0,0.925,0.4330927448626349,False
4046,BEN-004046,5,7800.0,5000.0,39000.0,1.56,0.4779972280459396,False
4049,BEN-004049,5,5900.0,25000.0,29500.0,0.236,0.5783672323231689,False
4051,BEN-004051,5,7500.0,12000.0,37500.0,0.625,0.4227644073099692,False
4054,BEN-004054,5,6100.0,12000.0,30500.0,0.5083333333333333,0.48884969218807517,False
4056,BEN-004056,6,6250.0,20000.0,37500.0,0.3125,0.48136914191327757,False
4057,BEN-004057,6,7000.0,25000.0,42000.0,0.28,0.44966865686961016,False
4058,BEN-004058,6,7250.0,5000.0,43500.0,1.45,0.4363246041627491,False
4059,BEN-004059,6,7583.333333333333,8000.0,45500.0,0.9479166666666666,0.42867070565486703,False
4060,BEN-004060,6,7500.0,5000.0,45000.0,1.5,0.4470976360203204,False
4061,BEN-004061,5,7700.0,0.0,38500.0,7.7,0.5507356056688131,False
4062,BEN-004062,6,6750.0,20000.0,40500.0,0.3375,0.4438382790978773,False
4065,BEN-004065,6,7300.0,25000.0,43800.0,0.292,0.44260969467615174,False
4066,BEN-004066,6,7750.0,0.0,46500.0,7.75,0.5249553998896437,False
4072,BEN-004072,6,8083.333333333333,12000.0,48500.0,0.673611111111111,0.44428928818675534,False
4073,BEN-004073,6,7500.0,20000.0,45000.0,0.375,0.4290307548788125,False
4074,BEN-004074,6,7800.0,20000.0,46800.0,0.39,0.44098431713452546,False
4076,BEN-004076,6,6083.333333333333,8000.0,36500.0,0.7604166666666666,0.4827604142442831,False
4077,BEN-004077,5,7400.0,12000.0,37000.0,0.6166666666666667,0.4173940797277093,False
4079,BEN-004079,5,8300.0,20000.0,41500.0,0.415,0.4825031359693279,False
4080,BEN-004080,6,6916.666666666667,0.0,41500.0,6.916666666666667,0.5010318052400352,False
4081,BEN-004081,5,8700.0,25000.0,43500.0,0.348,0.5472575893406565,False
4082,BEN-004082,6,7416.666666666667,15000.0,44500.0,0.49444444444444446,0.4074016837132436,False
4084,BEN-004084,6,8166.666666666667,8000.0,49000.0,1.0208333333333335,0.4656578156393299,False
4085,BEN-004085,5,6875.0,5000.0,34375.0,1.375,0.46779773087650944,False
4088,BEN-004088,5,6900.0,12000.0,34500.0,0.575,0.4251451617751825,False
4089,BEN-004089,4,7625.0,5000.0,30500.0,1.525,0.5558703042973603,False
4090,BEN-004090,5,5800.0,8000.0,29000.0,0.725,0.5295473669156098,False
4091,BEN-004091,6,7166.666666666667,15000.0,43000.0,0.4777777777777778,0.4074888954009138,False
4093,BEN-004093,5,7125.0,5000.0,35625.0,1.425,0.4569807361706878,False
4099,BEN-004099,6,6916.666666666667,12000.0,41500.0,0.576388888888889,0.4079733186636438,False
4102,BEN-004102,4,7500.0,15000.0,30000.0,0.5,0.5217173196378322,False
4103,BEN-004103,6,7083.333333333333,8000.0,42500.0,0.8854166666666666,0.4196600686541553,False
4104,BEN-004104,5,6500.0,20000.0,32500.0,0.325,0.4800710391808187,False
4105,BEN-004105,6,8166.666666666667,20000.0,49000.0,0.4083333333333333,0.46495258305805265,False
4116,BEN-004116,5,7300.0,15000.0,36500.0,0.4866666666666667,0.4248542386040857,False
4117,BEN-004117,6,6916.666666666667,20000.0,41500.0,0.3458333333333333,0.43298706922799546,False
4118,BEN-004118,6,5833.333333333333,25000.0,35000.0,0.2333333333333333,0.5668250138470937,False
4119,BEN-004119,6,6500.0,8000.0,39000.0,0.8125,0.4451829032738355,False
4120,BEN-004120,5,7300.0,12000.0,36500.0,0.6083333333333333,0.41475001868385547,False
4121,BEN-004121,6,6833.333333333333,12000.0,41000.0,0.5694444444444444,0.40927566652395114,False
4122,BEN-004122,6,8166.666666666667,20000.0,49000.0,0.4083333333333333,0.46495258305805265,False
4125,BEN-004125,6,7916.666666666667,25000.0,47500.0,0.31666666666666665,0.47744746605327515,False
4127,BEN-004127,5,7100.0,8000.0,35500.0,0.8875,0.43131672532493953,False
4133,BEN-004133,5,8800.0,20000.0,44000.0,0.44,0.5310948830267239,False
4135,BEN-004135,6,7416.666666666667,15000.0,44500.0,0.49444444444444446,0.4074016837132436,False
4138,BEN-004138,7,8285.714285714286,8000.0,58000.0,1.0357142857142858,0.612439779712825,True
4143,BEN-004143,6,6916.666666666667,0.0,41500.0,6.916666666666667,0.5010318052400352,False
4145,BEN-004145,6,6666.666666666667,15000.0,40000.0,0.4444444444444445,0.42410222810459125,False
4148,BEN-004148,6,7083.333333333333,20000.0,42500.0,0.35416666666666663,0.425693716604046,False
4149,BEN-004149,6,6666.666666666667,12000.0,40000.0,0.5555555555555556,0.4154580577756046,False
4152,BEN-004152,5,7200.0,20000.0,36000.0,0.36,0.4454118436552975,False
4156,BEN-004156,6,6916.666666666667,0.0,41500.0,6.916666666666667,0.5010318052400352,False
4157,BEN-004157,5,7800.0,15000.0,39000.0,0.52,0.437134513219704,False
4162,BEN-004162,6,7500.0,0.0,45000.0,7.5,0.5049842080267292,False
4163,BEN-004163,6,6800.0,25000.0,40800.0,0.272,0.4687127235905092,False
4164,BEN-004164,5,7700.0,20000.0,38500.0,0.385,0.4530266771050681,False
4165,BEN-004165,5,7600.0,12000.0,38000.0,0.6333333333333333,0.42745141384295837,False
4167,BEN-004167,6,8500.0,12000.0,51000.0,0.7083333333333334,0.4844308643933401,False
4171,BEN-004171,6,7166.666666666667,12000.0,43000.0,0.5972222222222222,0.40173336953596217,False
4174,BEN-004174,5,6200.0,0.0,31000.0,6.2,0.600776841000449,False
4175,BEN-004175,6,7666.666666666667,5000.0,46000.0,1.5333333333333334,0.4500942050405896,False
4176,BEN-004176,5,7200.0,25000.0,36000.0,0.288,0.47084886511654855,False
4178,BEN-004178,5,6700.0,5000.0,33500.0,1.34,0.47492840671124925,False
4183,BEN-004183,5,8600.0,12000.0,43000.0,0.7166666666666667,0.4900313485511472,False
4185,BEN-004185,6,7400.0,20000.0,44400.0,0.37,0.4264562128832941,False
4186,BEN-004186,5,6900.0,5000.0,34500.0,1.38,0.46523082127474824,False
4188,BEN-004188,6,7083.333333333333,20000.0,42500.0,0.35416666666666663,0.425693716604046,False
4189,BEN-004189,4,5875.0,15000.0,23500.0,0.39166666666666666,0.6055992390928581,True
4191,BEN-004191,5,6625.0,15000.0,33125.0,0.44166666666666665,0.4528158285415711,False
4192,BEN-004192,6,8500.0,5000.0,51000.0,1.7,0.5227407196224254,False
4194,BEN-004194,6,6500.0,5000.0,39000.0,1.3,0.4772747668548736,False
4195,BEN-004195,6,7166.666666666667,25000.0,43000.0,0.2866666666666667,0.44476480688725956,False
4197,BEN-004197,6,5500.0,12000.0,33000.0,0.4583333333333333,0.5231754294622556,False
4199,BEN-004199,6,7916.666666666667,15000.0,47500.0,0.5277777777777778,0.43261365428474324,False
4201,BEN-004201,6,8000.0,5000.0,48000.0,1.6,0.47010411436696675,False
4202,BEN-004202,5,6900.0,25000.0,34500.0,0.276,0.4797146574287002,False
4204,BEN-004204,6,9166.666666666666,12000.0,55000.0,0.7638888888888888,0.5684073311179844,False
4205,BEN-004205,5,7200.0,15000.0,36000.0,0.48,0.4235418833812642,False
4206,BEN-004206,5,6300.0,0.0,31500.0,6.3,0.589360593816764,False
4208,BEN-004208,5,6900.0,12000.0,34500.0,0.575,0.4251451617751825,False
4209,BEN-004209,6,9250.0,25000.0,55500.0,0.37,0.6186002709079697,True
4210,BEN-004210,5,8300.0,5000.0,41500.0,1.66,0.5112545589123725,False
4211,BEN-004211,5,7100.0,15000.0,35500.0,0.47333333333333333,0.4273104331452373,False
4212,BEN-004212,6,6916.666666666667,15000.0,41500.0,0.46111111111111114,0.4150233608965474,False
4213,BEN-004213,6,6666.666666666667,0.0,40000.0,6.666666666666667,0.5165359548748999,False
4214,BEN-004214,6,7583.333333333333,12000.0,45500.0,0.6319444444444444,0.4160499050760776,False
4215,BEN-004215,6,8600.0,20000.0,51600.0,0.43,0.5097502820438198,False
4216,BEN-004216,6,6666.666666666667,25000.0,40000.0,0.26666666666666666,0.47817892025451136,False
4219,BEN-004219,5,7200.0,25000.0,36000.0,0.288,0.47084886511654855,False
4222,BEN-004222,5,8300.0,20000.0,41500.0,0.415,0.4825031359693279,False
4223,BEN-004223,5,8000.0,12000.0,40000.0,0.6666666666666666,0.4448411095680717,False
4225,BEN-004225,6,7250.0,12000.0,43500.0,0.6041666666666666,0.40348911015316136,False
4227,BEN-004227,6,6666.666666666667,0.0,40000.0,6.666666666666667,0.5165359548748999,False
4228,BEN-004228,6,7583.333333333333,5000.0,45500.0,1.5166666666666666,0.4490812783808523,False
4229,BEN-004229,6,8500.0,12000.0,51000.0,0.7083333333333334,0.4844308643933401,False
4232,BEN-004232,6,7083.333333333333,12000.0,42500.0,0.5902777777777778,0.40405393846082466,False
4234,BEN-004234,5,7800.0,5000.0,39000.0,1.56,0.4779972280459396,False
4237,BEN-004237,6,8083.333333333333,20000.0,48500.0,0.4041666666666667,0.4597588572066277,False
4238,BEN-004238,4,6666.666666666667,5000.0,26666.666666666668,1.3333333333333335,0.5705716816938073,False
4239,BEN-004239,5,6900.0,25000.0,34500.0,0.276,0.4797146574287002,False
4242,BEN-004242,5,7700.0,12000.0,38500.0,0.6416666666666667,0.4283431948729701,False
4243,BEN-004243,6,7833.333333333333,12000.0,47000.0,0.6527777777777778,0.42515396698130953,False
4245,BEN-004245,6,6583.333333333333,15000.0,39500.0,0.4388888888888889,0.42998586023902674,False
4248,BEN-004248,6,7833.333333333333,20000.0,47000.0,0.39166666666666666,0.44310732626402916,False
4251,BEN-004251,5,6600.0,15000.0,33000.0,0.44,0.453615452753804,False
4252,BEN-004252,6,7583.333333333333,20000.0,45500.0,0.37916666666666665,0.4307346020216096,False
4253,BEN-004253,6,7250.0,0.0,43500.0,7.25,0.4999666522983651,False
4254,BEN-004254,6,7666.666666666667,0.0,46000.0,7.666666666666667,0.5191328601472042,False
4256,BEN-004256,6,8000.0,8000.0,48000.0,1.0,0.4500413082275428,False
4258,BEN-004258,6,6583.333333333333,20000.0,39500.0,0.32916666666666666,0.4535200561063745,False
4259,BEN-004259,6,7416.666666666667,25000.0,44500.0,0.2966666666666667,0.44673503436241024,False
4260,BEN-004260,5,7600.0,12000.0,38000.0,0.6333333333333333,0.42745141384295837,False
4261,BEN-004261,5,7700.0,12000.0,38500.0,0.6416666666666667,0.4283431948729701,False
4264,BEN-004264,5,7700.0,25000.0,38500.0,0.308,0.47398563689033624,False
4268,BEN-004268,5,6600.0,12000.0,33000.0,0.55,0.44355635627588713,False
4270,BEN-004270,5,7200.0,8000.0,36000.0,0.9,0.429117168062162,False
4274,BEN-004274,6,7833.333333333333,8000.0,47000.0,0.9791666666666666,0.43812093127482565,False
4275,BEN-004275,6,8375.0,20000.0,50250.0,0.41875,0.4867885864564555,False
4276,BEN-004276,6,6666.666666666667,0.0,40000.0,6.666666666666667,0.5165359548748999,False
4277,BEN-004277,6,7416.666666666667,0.0,44500.0,7.416666666666667,0.4981384740234462,False
4279,BEN-004279,6,7250.0,15000.0,43500.0,0.48333333333333334,0.40437264834463044,False
4280,BEN-004280,6,6333.333333333333,0.0,38000.0,6.333333333333333,0.5518458007029513,False
4281,BEN-004281,5,6600.0,20000.0,33000.0,0.33,0.4747531818866664,False
4286,BEN-004286,6,6666.666666666667,8000.0,40000.0,0.8333333333333334,0.43126096278501047,False
4290,BEN-004290,6,6166.666666666667,5000.0,37000.0,1.2333333333333334,0.503234288376343,False
4291,BEN-004291,5,7300.0,5000.0,36500.0,1.46,0.46163151759978116,False
4292,BEN-004292,5,7500.0,0.0,37500.0,7.5,0.5454079535708252,False
4293,BEN-004293,5,7000.0,5000.0,35000.0,1.4,0.45879564436945247,False
4298,BEN-004298,6,8916.666666666666,0.0,53500.0,8.916666666666666,0.6571934280513674,True
4300,BEN-004300,6,7166.666666666667,12000.0,43000.0,0.5972222222222222,0.40173336953596217,False
4301,BEN-004301,5,8000.0,8000.0,40000.0,1.0,0.46242507726382326,False
4302,BEN-004302,5,7300.0,25000.0,36500.0,0.292,0.47220770336561596,False
4304,BEN-004304,5,7400.0,12000.0,37000.0,0.6166666666666667,0.4173940797277093,False
4305,BEN-004305,5,6800.0,15000.0,34000.0,0.4533333333333333,0.4402457266257802,False
4307,BEN-004307,6,6916.666666666667,20000.0,41500.0,0.3458333333333333,0.43298706922799546,False
4308,BEN-004308,6,7333.333333333333,15000.0,44000.0,0.4888888888888889,0.4078229721209872,False
4311,BEN-004311,6,8416.666666666666,12000.0,50500.0,0.7013888888888888,0.4792551229031541,False
4312,BEN-004312,6,7666.666666666667,12000.0,46000.0,0.638888888888889,0.41826353361119567,False
4317,BEN-004317,4,8375.0,20000.0,33500.0,0.41875,0.5696697230594726,False
4318,BEN-004318,5,6300.0,0.0,31500.0,6.3,0.589360593816764,False
4320,BEN-004320,4,7250.0,25000.0,29000.0,0.29,0.5694930224707393,False
4323,BEN-004323,6,7000.0,15000.0,42000.0,0.4666666666666667,0.4107070449744196,False
4324,BEN-004324,5,6700.0,20000.0,33500.0,0.335,0.4642680088530084,False
4325,BEN-004325,5,7300.0,0.0,36500.0,7.3,0.541735628629666,False
4328,BEN-004328,6,8166.666666666667,15000.0,49000.0,0.5444444444444445,0.4555328404631699,False
4329,BEN-004329,6,8083.333333333333,12000.0,48500.0,0.673611111111111,0.44428928818675534,False
4330,BEN-004330,6,7416.666666666667,20000.0,44500.0,0.37083333333333335,0.4274387057758258,False
4331,BEN-004331,5,6900.0,12000.0,34500.0,0.575,0.4251451617751825,False
4332,BEN-004332,4,7250.0,8000.0,29000.0,0.90625,0.5218046527695962,False
4333,BEN-004333,6,7083.333333333333,5000.0,42500.0,1.4166666666666665,0.4427695234653637,False
4335,BEN-004335,4,7125.0,25000.0,28500.0,0.285,0.5732776402645913,False
4337,BEN-004337,6,7416.666666666667,8000.0,44500.0,0.9270833333333334,0.4221969531440606,False
4339,BEN-004339,6,7250.0,25000.0,43500.0,0.29,0.4431079978007452,False
4340,BEN-004340,6,8500.0,0.0,51000.0,8.5,0.6015642015568502,True
4341,BEN-004341,6,6166.666666666667,8000.0,37000.0,0.7708333333333334,0.4772032725292935,False
4345,BEN-004345,6,7500.0,12000.0,45000.0,0.625,0.4111577820352351,False
4346,BEN-004346,6,8500.0,20000.0,51000.0,0.425,0.4959857803675142,False
4347,BEN-004347,5,7000.0,12000.0,35000.0,0.5833333333333334,0.41806574812352487,False
4348,BEN-004348,5,6500.0,8000.0,32500.0,0.8125,0.45915083091981923,False
4350,BEN-004350,6,7000.0,15000.0,42000.0,0.4666666666666667,0.4107070449744196,False
4351,BEN-004351,6,6750.0,20000.0,40500.0,0.3375,0.4438382790978773,False
4352,BEN-004352,6,7666.666666666667,8000.0,46000.0,0.9583333333333334,0.43070457535883455,False
4353,BEN-004353,6,6833.333333333333,15000.0,41000.0,0.45555555555555555,0.4165639860726367,False
4355,BEN-004355,4,8375.0,20000.0,33500.0,0.41875,0.5696697230594726,False
4356,BEN-004356,5,6200.0,15000.0,31000.0,0.41333333333333333,0.4884348557632566,False
4358,BEN-004358,5,8500.0,15000.0,42500.0,0.5666666666666667,0.4830458032493728,False
4359,BEN-004359,6,5833.333333333333,5000.0,35000.0,1.1666666666666665,0.5290075821185323,False
4360,BEN-004360,5,7700.0,25000.0,38500.0,0.308,0.47398563689033624,False
4362,BEN-004362,6,8083.333333333333,25000.0,48500.0,0.3233333333333333,0.49083177633552044,False
4364,BEN-004364,6,7666.666666666667,20000.0,46000.0,0.38333333333333336,0.4350890415164608,False
4368,BEN-004368,6,6416.666666666667,15000.0,38500.0,0.4277777777777778,0.4382451704065815,False
4369,BEN-004369,5,6100.0,12000.0,30500.0,0.5083333333333333,0.48884969218807517,False
4371,BEN-004371,5,6900.0,20000.0,34500.0,0.345,0.45163077072691465,False
4372,BEN-004372,6,6916.666666666667,5000.0,41500.0,1.3833333333333333,0.4523822031134625,False
4373,BEN-004373,6,7333.333333333333,12000.0,44000.0,0.611111111111111,0.4067260215275148,False
4374,BEN-004374,5,6400.0,0.0,32000.0,6.4,0.5807929411788565,False
4375,BEN-004375,5,5900.0,5000.0,29500.0,1.18,0.5423612901662628,False
4376,BEN-004376,6,7000.0,20000.0,42000.0,0.35,0.4296596198426171,False
4377,BEN-004377,5,7100.0,5000.0,35500.0,1.42,0.45742148502293734,False
4379,BEN-004379,5,6900.0,20000.0,34500.0,0.345,0.45163077072691465,False
4380,BEN-004380,5,7100.0,12000.0,35500.0,0.5916666666666667,0.4152815197192949,False
4386,BEN-004386,6,6416.666666666667,8000.0,38500.0,0.8020833333333334,0.45096681114106235,False
4387,BEN-004387,6,6916.666666666667,12000.0,41500.0,0.576388888888889,0.4079733186636438,False
4388,BEN-004388,6,7333.333333333333,25000.0,44000.0,0.29333333333333333,0.44446790144816445,False
4390,BEN-004390,5,7800.0,8000.0,39000.0,0.975,0.44965083283826773,False
4392,BEN-004392,5,6400.0,5000.0,32000.0,1.28,0.49524520840751496,False
4395,BEN-004395,5,7000.0,15000.0,35000.0,0.4666666666666667,0.4281312680943819,False
4398,BEN-004398,6,7166.666666666667,15000.0,43000.0,0.4777777777777778,0.4074888954009138,False
4400,BEN-004400,4,6875.0,12000.0,27500.0,0.5729166666666666,0.5266184010027204,False
4402,BEN-004402,5,6100.0,0.0,30500.0,6.1,0.6097836327880365,True
4404,BEN-004404,6,7583.333333333333,20000.0,45500.0,0.37916666666666665,0.4307346020216096,False
4406,BEN-004406,6,7833.333333333333,5000.0,47000.0,1.5666666666666667,0.4591394347786999,False
4407,BEN-004407,6,7416.666666666667,5000.0,44500.0,1.4833333333333334,0.4405125013479692,False
4409,BEN-004409,3,5833.333333333333,15000.0,17500.0,0.3888888888888889,0.6891055767987253,True
4410,BEN-004410,5,6100.0,15000.0,30500.0,0.4066666666666667,0.4985545600411056,False
4411,BEN-004411,6,8583.333333333334,8000.0,51500.0,1.0729166666666667,0.5068528515644815,False
4413,BEN-004413,6,7916.666666666667,20000.0,47500.0,0.39583333333333337,0.4465673291275192,False
4414,BEN-004414,5,7100.0,12000.0,35500.0,0.5916666666666667,0.4152815197192949,False
4415,BEN-004415,5,7900.0,20000.0,39500.0,0.395,0.45955994862675903,False
4417,BEN-004417,5,7100.0,25000.0,35500.0,0.284,0.4716707816284862,False
4418,BEN-004418,6,7100.0,15000.0,42600.0,0.47333333333333333,0.40880635930595566,False
4419,BEN-004419,5,7100.0,0.0,35500.0,7.1,0.5370751535082442,False
4420,BEN-004420,6,8250.0,15000.0,49500.0,0.55,0.46485443854101427,False
4421,BEN-004421,6,7750.0,12000.0,46500.0,0.6458333333333334,0.4222568366341969,False
4422,BEN-004422,6,6750.0,20000.0,40500.0,0.3375,0.4438382790978773,False
4423,BEN-004423,5,6700.0,8000.0,33500.0,0.8375,0.446188188169255,False
4425,BEN-004425,5,6700.0,12000.0,33500.0,0.5583333333333333,0.43635930956124647,False
4426,BEN-004426,5,7200.0,15000.0,36000.0,0.48,0.4235418833812642,False
4429,BEN-004429,4,8500.0,25000.0,34000.0,0.34,0.5968032634297642,False
4430,BEN-004430,6,8666.666666666666,25000.0,52000.0,0.3466666666666666,0.5565147519900793,False
4431,BEN-004431,5,6400.0,15000.0,32000.0,0.4266666666666667,0.4636637615106712,False
4432,BEN-004432,6,7416.666666666667,0.0,44500.0,7.416666666666667,0.4981384740234462,False
4433,BEN-004433,5,7200.0,5000.0,36000.0,1.44,0.45818485341656506,False
4435,BEN-004435,5,8200.0,25000.0,41000.0,0.328,0.49788388738388234,False
4436,BEN-004436,6,8500.0,0.0,51000.0,8.5,0.6015642015568502,True
4437,BEN-004437,5,7500.0,20000.0,37500.0,0.375,0.4515968197417531,False
4439,BEN-004439,6,8000.0,8000.0,48000.0,1.0,0.4500413082275428,False
4440,BEN-004440,6,7666.666666666667,25000.0,46000.0,0.3066666666666667,0.45423809162154843,False
4441,BEN-004441,5,7000.0,12000.0,35000.0,0.5833333333333334,0.41806574812352487,False
4442,BEN-004442,5,7125.0,8000.0,35625.0,0.890625,0.4300010110281232,False
4444,BEN-004444,6,8200.0,20000.0,49200.0,0.41,0.46765184539652066,False
4445,BEN-004445,6,6916.666666666667,0.0,41500.0,6.916666666666667,0.5010318052400352,False
4447,BEN-004447,5,7100.0,12000.0,35500.0,0.5916666666666667,0.4152815197192949,False
4448,BEN-004448,5,6700.0,12000.0,33500.0,0.5583333333333333,0.43635930956124647,False
4450,BEN-004450,6,6500.0,15000.0,39000.0,0.43333333333333335,0.4342891856523154,False
4452,BEN-004452,6,5700.0,25000.0,34200.0,0.228,0.5774784977754351,False
4453,BEN-004453,6,7000.0,12000.0,42000.0,0.5833333333333334,0.40427342282283896,False
4454,BEN-004454,6,7583.333333333333,8000.0,45500.0,0.9479166666666666,0.42867070565486703,False
4455,BEN-004455,5,7500.0,8000.0,37500.0,0.9375,0.43901899347869916,False
4456,BEN-004456,6,7333.333333333333,25000.0,44000.0,0.29333333333333333,0.44446790144816445,False
4457,BEN-004457,6,6166.666666666667,8000.0,37000.0,0.7708333333333334,0.4772032725292935,False
4458,BEN-004458,4,8375.0,0.0,33500.0,8.375,0.6640499394006631,True
4460,BEN-004460,6,6583.333333333333,12000.0,39500.0,0.548611111111111,0.4192472104853289,False
4462,BEN-004462,5,7200.0,15000.0,36000.0,0.48,0.4235418833812642,False
4464,BEN-004464,6,6750.0,12000.0,40500.0,0.5625,0.41577902573345865,False
4466,BEN-004466,6,8166.666666666667,8000.0,49000.0,1.0208333333333335,0.4656578156393299,False
4467,BEN-004467,5,6000.0,8000.0,30000.0,0.75,0.5094350895169178,False
4468,BEN-004468,5,8200.0,5000.0,41000.0,1.64,0.5030465647136022,False
4473,BEN-004473,6,6666.666666666667,20000.0,40000.0,0.33333333333333337,0.44540237010443806,False
4474,BEN-004474,4,7125.0,5000.0,28500.0,1.425,0.5519707813135605,False
4475,BEN-004475,5,8400.0,12000.0,42000.0,0.7,0.4754299171441264,False
4476,BEN-004476,6,6250.0,15000.0,37500.0,0.4166666666666667,0.4575422703900068,False
4478,BEN-004478,6,7250.0,12000.0,43500.0,0.6041666666666666,0.40348911015316136,False
4482,BEN-004482,6,7000.0,20000.0,42000.0,0.35,0.4296596198426171,False
4483,BEN-004483,6,7416.666666666667,15000.0,44500.0,0.49444444444444446,0.4074016837132436,False
4484,BEN-004484,6,8083.333333333333,25000.0,48500.0,0.3233333333333333,0.49083177633552044,False
4485,BEN-004485,6,7333.333333333333,20000.0,44000.0,0.36666666666666664,0.4273329462960274,False
4486,BEN-004486,6,9333.333333333334,8000.0,56000.0,1.1666666666666667,0.58865737409832,False
4487,BEN-004487,6,8300.0,25000.0,49800.0,0.332,0.5132858267121791,False
4488,BEN-004488,5,7400.0,25000.0,37000.0,0.296,0.47321597876348437,False
4489,BEN-004489,6,8000.0,20000.0,48000.0,0.4,0.4530384065307242,False
4491,BEN-004491,6,7000.0,25000.0,42000.0,0.28,0.44966865686961016,False
4492,BEN-004492,5,7900.0,0.0,39500.0,7.9,0.5690573438500416,False
4494,BEN-004494,6,8500.0,8000.0,51000.0,1.0625,0.4970159803938364,False
4495,BEN-004495,6,8583.333333333334,0.0,51500.0,8.583333333333334,0.61176646934639,True
4497,BEN-004497,5,9100.0,25000.0,45500.0,0.364,0.5881099588065637,False
4498,BEN-004498,3,8666.666666666666,5000.0,26000.0,1.7333333333333332,0.6840118910962655,True
4499,BEN-004499,6,6800.0,12000.0,40800.0,0.5666666666666667,0.41105680079419926,False
4502,BEN-004502,5,7700.0,15000.0,38500.0,0.5133333333333333,0.43579017487541133,False
4503,BEN-004503,4,7875.0,5000.0,31500.0,1.575,0.5604540703706612,False
4504,BEN-004504,6,7666.666666666667,25000.0,46000.0,0.3066666666666667,0.45423809162154843,False
4505,BEN-004505,6,7750.0,8000.0,46500.0,0.96875,0.43302564881072286,False
4506,BEN-004506,6,7250.0,15000.0,43500.0,0.48333333333333334,0.40437264834463044,False
4507,BEN-004507,6,6166.666666666667,8000.0,37000.0,0.7708333333333334,0.4772032725292935,False
4508,BEN-004508,5,6500.0,12000.0,32500.0,0.5416666666666666,0.449471087567577,False
4513,BEN-004513,6,7200.0,5000.0,43200.0,1.44,0.43679071980457623,False
4514,BEN-004514,6,7666.666666666667,20000.0,46000.0,0.38333333333333336,0.4350890415164608,False
4516,BEN-004516,5,7500.0,15000.0,37500.0,0.5,0.4296067315089946,False
4518,BEN-004518,5,8200.0,12000.0,41000.0,0.6833333333333333,0.45830873614434087,False
4519,BEN-004519,5,6000.0,25000.0,30000.0,0.24,0.5669573167028605,False
4521,BEN-004521,6,6833.333333333333,25000.0,41000.0,0.2733333333333333,0.46187588284719283,False
4522,BEN-004522,6,7000.0,15000.0,42000.0,0.4666666666666667,0.4107070449744196,False
4523,BEN-004523,5,6100.0,5000.0,30500.0,1.22,0.5259732250098735,False
4525,BEN-004525,6,7333.333333333333,5000.0,44000.0,1.4666666666666666,0.43883584308070206,False
4527,BEN-004527,6,7000.0,12000.0,42000.0,0.5833333333333334,0.40427342282283896,False
4528,BEN-004528,6,5333.333333333333,8000.0,32000.0,0.6666666666666666,0.5398496393623091,False
4531,BEN-004531,5,7600.0,15000.0,38000.0,0.5066666666666667,0.4349160336592739,False
4533,BEN-004533,6,6250.0,15000.0,37500.0,0.4166666666666667,0.4575422703900068,False
4535,BEN-004535,6,6333.333333333333,12000.0,38000.0,0.5277777777777778,0.44156220292603443,False
4536,BEN-004536,6,8300.0,20000.0,49800.0,0.415,0.4777286668630075,False
4538,BEN-004538,6,7916.666666666667,20000.0,47500.0,0.39583333333333337,0.4465673291275192,False
4540,BEN-004540,5,8100.0,5000.0,40500.0,1.62,0.4970819479478579,False
4541,BEN-004541,5,8000.0,12000.0,40000.0,0.6666666666666666,0.4448411095680717,False
4542,BEN-004542,5,6200.0,0.0,31000.0,6.2,0.600776841000449,False
4543,BEN-004543,6,6166.666666666667,0.0,37000.0,6.166666666666667,0.5691832011111588,False
4545,BEN-004545,5,6200.0,20000.0,31000.0,0.31,0.5065928240521373,False
4547,BEN-004547,6,7916.666666666667,15000.0,47500.0,0.5277777777777778,0.43261365428474324,False
4549,BEN-004549,6,6750.0,8000.0,40500.0,0.84375,0.42890957725939516,False
4552,BEN-004552,6,6750.0,25000.0,40500.0,0.27,0.4724862487629912,False
4553,BEN-004553,6,7333.333333333333,25000.0,44000.0,0.29333333333333333,0.44446790144816445,False
4555,BEN-004555,7,8714.285714285714,12000.0,61000.0,0.7261904761904762,0.6189100817205675,True
4556,BEN-004556,5,7300.0,15000.0,36500.0,0.4866666666666667,0.4248542386040857,False
4557,BEN-004557,6,7083.333333333333,0.0,42500.0,7.083333333333333,0.5032539404610213,False
4560,BEN-004560,6,8583.333333333334,12000.0,51500.0,0.7152777777777778,0.4948449450171631,False
4562,BEN-004562,6,8250.0,0.0,49500.0,8.25,0.5819240225336718,False
4565,BEN-004565,6,9666.666666666666,25000.0,58000.0,0.38666666666666666,0.63839810474941,True
4566,BEN-004566,7,8500.0,8000.0,59500.0,1.0625,0.6233628022938877,True
4568,BEN-004568,6,6666.666666666667,5000.0,40000.0,1.3333333333333335,0.46343242964087694,False
4574,BEN-004574,6,7250.0,15000.0,43500.0,0.48333333333333334,0.40437264834463044,False
4575,BEN-004575,6,7166.666666666667,20000.0,43000.0,0.35833333333333334,0.42430872113656887,False
4576,BEN-004576,6,8250.0,20000.0,49500.0,0.4125,0.4728093211994067,False
4577,BEN-004577,6,8166.666666666667,15000.0,49000.0,0.5444444444444445,0.4555328404631699,False
4579,BEN-004579,5,7300.0,0.0,36500.0,7.3,0.541735628629666,False
4580,BEN-004580,5,6500.0,5000.0,32500.0,1.3,0.48647911297060953,False
4581,BEN-004581,6,7000.0,25000.0,42000.0,0.28,0.44966865686961016,False
4582,BEN-004582,5,7200.0,8000.0,36000.0,0.9,0.429117168062162,False
4584,BEN-004584,6,7333.333333333333,25000.0,44000.0,0.29333333333333333,0.44446790144816445,False
4585,BEN-004585,6,6833.333333333333,12000.0,41000.0,0.5694444444444444,0.40927566652395114,False
4586,BEN-004586,4,8000.0,8000.0,32000.0,1.0,0.5374355571541678,False
4588,BEN-004588,6,7000.0,5000.0,42000.0,1.4,0.446252410796028,False
4590,BEN-004590,5,6900.0,15000.0,34500.0,0.46,0.43581937038565766,False
4591,BEN-004591,6,7800.0,20000.0,46800.0,0.39,0.44098431713452546,False
4593,BEN-004593,6,8583.333333333334,20000.0,51500.0,0.4291666666666667,0.5071395902781405,False
4594,BEN-004594,6,8166.666666666667,20000.0,49000.0,0.4083333333333333,0.46495258305805265,False
4596,BEN-004596,6,7750.0,12000.0,46500.0,0.6458333333333334,0.4222568366341969,False
4599,BEN-004599,6,8333.333333333334,15000.0,50000.0,0.5555555555555556,0.47479364723932793,False
4600,BEN-004600,6,7416.666666666667,8000.0,44500.0,0.9270833333333334,0.4221969531440606,False
4601,BEN-004601,6,7500.0,0.0,45000.0,7.5,0.5049842080267292,False
4602,BEN-004602,6,6833.333333333333,12000.0,41000.0,0.5694444444444444,0.40927566652395114,False
4604,BEN-004604,6,7750.0,8000.0,46500.0,0.96875,0.43302564881072286,False
4605,BEN-004605,5,6400.0,12000.0,32000.0,0.5333333333333333,0.4582800730249438,False
4610,BEN-004610,5,6400.0,20000.0,32000.0,0.32,0.4885567192427497,False
4615,BEN-004615,6,8333.333333333334,20000.0,50000.0,0.4166666666666667,0.4819664007277956,False
4616,BEN-004616,6,8250.0,15000.0,49500.0,0.55,0.46485443854101427,False
4617,BEN-004617,5,7800.0,25000.0,39000.0,0.312,0.4739760322069833,False
4620,BEN-004620,6,7333.333333333333,15000.0,44000.0,0.4888888888888889,0.4078229721209872,False
4621,BEN-004621,6,7666.666666666667,8000.0,46000.0,0.9583333333333334,0.43070457535883455,False
4624,BEN-004624,6,7333.333333333333,15000.0,44000.0,0.4888888888888889,0.4078229721209872,False
4625,BEN-004625,6,7833.333333333333,15000.0,47000.0,0.5222222222222223,0.42719158098602295,False
4626,BEN-004626,5,7000.0,20000.0,35000.0,0.35,0.4476589295995726,False
4627,BEN-004627,6,7000.0,8000.0,42000.0,0.875,0.421200081245371,False
4631,BEN-004631,4,7500.0,12000.0,30000.0,0.625,0.5127589226695106,False
4632,BEN-004632,6,7916.666666666667,5000.0,47500.0,1.5833333333333335,0.46715922918429204,False
4633,BEN-004633,5,6800.0,15000.0,34000.0,0.4533333333333333,0.4402457266257802,False
4634,BEN-004634,5,8875.0,12000.0,44375.0,0.7395833333333334,0.5237203046635901,False
4635,BEN-004635,4,7000.0,5000.0,28000.0,1.4,0.55684213894978,False
4638,BEN-004638,6,7000.0,5000.0,42000.0,1.4,0.446252410796028,False
4639,BEN-004639,5,7600.0,25000.0,38000.0,0.304,0.4746523023951251,False
4640,BEN-004640,5,7300.0,12000.0,36500.0,0.6083333333333333,0.41475001868385547,False
4643,BEN-004643,6,7750.0,5000.0,46500.0,1.55,0.4529538178323627,False
4648,BEN-004648,5,6000.0,25000.0,30000.0,0.24,0.5669573167028605,False
4649,BEN-004649,6,7800.0,25000.0,46800.0,0.312,0.4647090069078089,False
4651,BEN-004651,6,6333.333333333333,15000.0,38000.0,0.4222222222222222,0.4492887579662471,False
4652,BEN-004652,6,7700.0,0.0,46200.0,7.7,0.5212833437566549,False
4653,BEN-004653,5,7300.0,5000.0,36500.0,1.46,0.46163151759978116,False
4654,BEN-004654,4,8333.333333333334,25000.0,33333.333333333336,0.33333333333333337,0.5810641785004537,False
4656,BEN-004656,5,7125.0,0.0,35625.0,7.125,0.5382595859449063,False
4657,BEN-004657,5,8500.0,25000.0,42500.0,0.34,0.5263791448369064,False
4659,BEN-004659,5,7800.0,25000.0,39000.0,0.312,0.4739760322069833,False
4661,BEN-004661,5,7200.0,15000.0,36000.0,0.48,0.4235418833812642,False
4662,BEN-004662,6,6666.666666666667,15000.0,40000.0,0.4444444444444445,0.42410222810459125,False
4663,BEN-004663,6,6200.0,20000.0,37200.0,0.31,0.4862934948765045,False
4664,BEN-004664,5,7000.0,12000.0,35000.0,0.5833333333333334,0.41806574812352487,False
4666,BEN-004666,6,7416.666666666667,8000.0,44500.0,0.9270833333333334,0.4221969531440606,False
4668,BEN-004668,5,6900.0,5000.0,34500.0,1.38,0.46523082127474824,False
4669,BEN-004669,5,5800.0,0.0,29000.0,5.8,0.6348846673729156,True
4670,BEN-004670,5,6400.0,5000.0,32000.0,1.28,0.49524520840751496,False
4673,BEN-004673,6,7583.333333333333,5000.0,45500.0,1.5166666666666666,0.4490812783808523,False
4675,BEN-004675,6,8333.333333333334,12000.0,50000.0,0.6944444444444445,0.46976835617990004,False
4677,BEN-004677,6,6833.333333333333,20000.0,41000.0,0.3416666666666667,0.43678032518930676,False
4682,BEN-004682,6,7166.666666666667,8000.0,43000.0,0.8958333333333334,0.4180836481624833,False
4684,BEN-004684,6,6833.333333333333,25000.0,41000.0,0.2733333333333333,0.46187588284719283,False
4686,BEN-004686,6,6750.0,15000.0,40500.0,0.45,0.4242806683831138,False
4687,BEN-004687,5,6700.0,0.0,33500.0,6.7,0.5616177509360502,False
4690,BEN-004690,5,7000.0,8000.0,35000.0,0.875,0.4322568061059011,False
4692,BEN-004692,5,7100.0,12000.0,35500.0,0.5916666666666667,0.4152815197192949,False
4693,BEN-004693,6,7166.666666666667,20000.0,43000.0,0.35833333333333334,0.42430872113656887,False
4697,BEN-004697,6,7416.666666666667,12000.0,44500.0,0.6180555555555556,0.4089725322916821,False
4700,BEN-004700,5,8200.0,12000.0,41000.0,0.6833333333333333,0.45830873614434087,False
4702,BEN-004702,6,6333.333333333333,5000.0,38000.0,1.2666666666666666,0.4890468966280776,False
4704,BEN-004704,4,8500.0,12000.0,34000.0,0.7083333333333334,0.556990527482257,False
4705,BEN-004705,6,6500.0,5000.0,39000.0,1.3,0.4772747668548736,False
4709,BEN-004709,6,7166.666666666667,15000.0,43000.0,0.4777777777777778,0.4074888954009138,False
4710,BEN-004710,3,7500.0,0.0,22500.0,7.5,0.6990896854266339,True
4711,BEN-004711,6,7083.333333333333,0.0,42500.0,7.083333333333333,0.5032539404610213,False
4712,BEN-004712,6,8300.0,12000.0,49800.0,0.6916666666666667,0.465580016406287,False
4713,BEN-004713,5,6100.0,15000.0,30500.0,0.4066666666666667,0.4985545600411056,False
4714,BEN-004714,6,7250.0,20000.0,43500.0,0.3625,0.4263457028701548,False
4718,BEN-004718,5,7400.0,8000.0,37000.0,0.925,0.4330927448626349,False
4720,BEN-004720,5,6500.0,25000.0,32500.0,0.26,0.5178689002336896,False
4726,BEN-004726,5,7800.0,20000.0,39000.0,0.39,0.4529329414672538,False
4728,BEN-004728,6,7166.666666666667,20000.0,43000.0,0.35833333333333334,0.42430872113656887,False
4730,BEN-004730,6,8666.666666666666,12000.0,52000.0,0.7222222222222222,0.5111325953971163,False
4736,BEN-004736,6,6166.666666666667,15000.0,37000.0,0.41111111111111115,0.46596123086839863,False
4737,BEN-004737,6,7166.666666666667,12000.0,43000.0,0.5972222222222222,0.40173336953596217,False
4739,BEN-004739,6,7250.0,25000.0,43500.0,0.29,0.4431079978007452,False
4740,BEN-004740,5,7700.0,25000.0,38500.0,0.308,0.47398563689033624,False
4742,BEN-004742,6,6833.333333333333,12000.0,41000.0,0.5694444444444444,0.40927566652395114,False
4743,BEN-004743,6,7200.0,5000.0,43200.0,1.44,0.43679071980457623,False
4745,BEN-004745,5,8100.0,15000.0,40500.0,0.54,0.4553621261733621,False
4747,BEN-004747,5,9000.0,5000.0,45000.0,1.8,0.5827686745535702,False
4748,BEN-004748,5,6500.0,0.0,32500.0,6.5,0.5732354661150855,False
4749,BEN-004749,6,7400.0,12000.0,44400.0,0.6166666666666667,0.4091610296926774,False
4750,BEN-004750,4,8000.0,12000.0,32000.0,0.6666666666666666,0.5259901823050458,False
4754,BEN-004754,3,7833.333333333333,25000.0,23500.0,0.3133333333333333,0.6629114324318881,True
4755,BEN-004755,6,6750.0,15000.0,40500.0,0.45,0.4242806683831138,False
4757,BEN-004757,6,6250.0,0.0,37500.0,6.25,0.5596841383129003,False
4759,BEN-004759,5,7800.0,15000.0,39000.0,0.52,0.437134513219704,False
4760,BEN-004760,6,6500.0,0.0,39000.0,6.5,0.5280884576797203,False
4763,BEN-004763,5,6900.0,20000.0,34500.0,0.345,0.45163077072691465,False
4764,BEN-004764,6,7000.0,12000.0,42000.0,0.5833333333333334,0.40427342282283896,False
4765,BEN-004765,5,7400.0,0.0,37000.0,7.4,0.5454479262933691,False
4766,BEN-004766,5,7300.0,25000.0,36500.0,0.292,0.47220770336561596,False
4767,BEN-004767,6,6500.0,12000.0,39000.0,0.5416666666666666,0.42662178133339135,False
4772,BEN-004772,5,7900.0,8000.0,39500.0,0.9875,0.4578518223220981,False
4774,BEN-004774,6,6833.333333333333,0.0,41000.0,6.833333333333333,0.5034621553086582,False
4776,BEN-004776,6,7500.0,20000.0,45000.0,0.375,0.4290307548788125,False
4777,BEN-004777,6,6166.666666666667,20000.0,37000.0,0.30833333333333335,0.4889137902973353,False
4778,BEN-004778,6,6800.0,0.0,40800.0,6.8,0.5046534724990366,False
4779,BEN-004779,5,6200.0,8000.0,31000.0,0.775,0.4914270623836715,False
4780,BEN-004780,5,6300.0,8000.0,31500.0,0.7875,0.4779975383214735,False
4781,BEN-004781,6,6500.0,8000.0,39000.0,0.8125,0.4451829032738355,False
4784,BEN-004784,6,6416.666666666667,20000.0,38500.0,0.32083333333333336,0.4641065813001356,False
4785,BEN-004785,5,7300.0,8000.0,36500.0,0.9125,0.43196257100393354,False
4786,BEN-004786,6,7416.666666666667,0.0,44500.0,7.416666666666667,0.4981384740234462,False
4787,BEN-004787,4,7625.0,5000.0,30500.0,1.525,0.5558703042973603,False
4788,BEN-004788,6,7750.0,5000.0,46500.0,1.55,0.4529538178323627,False
4792,BEN-004792,5,8700.0,15000.0,43500.0,0.58,0.5031150556173241,False
4794,BEN-004794,5,6500.0,25000.0,32500.0,0.26,0.5178689002336896,False
4796,BEN-004796,6,6500.0,5000.0,39000.0,1.3,0.4772747668548736,False
4797,BEN-004797,6,6250.0,0.0,37500.0,6.25,0.5596841383129003,False
4799,BEN-004799,6,7500.0,25000.0,45000.0,0.3,0.45277620909754823,False
4800,BEN-004800,6,7200.0,20000.0,43200.0,0.36,0.42395012986884556,False
4801,BEN-004801,6,8166.666666666667,5000.0,49000.0,1.6333333333333333,0.4842889068252078,False
4803,BEN-004803,5,6700.0,25000.0,33500.0,0.268,0.49607444329897005,False
4804,BEN-004804,6,6333.333333333333,25000.0,38000.0,0.2533333333333333,0.5161649930169829,False
4805,BEN-004805,4,6625.0,8000.0,26500.0,0.828125,0.5484682599517453,False
4806,BEN-004806,5,8700.0,0.0,43500.0,8.7,0.642444448747295,True
4807,BEN-004807,6,7583.333333333333,5000.0,45500.0,1.5166666666666666,0.4490812783808523,False
4810,BEN-004810,5,6900.0,0.0,34500.0,6.9,0.5460357971401621,False
4814,BEN-004814,6,6000.0,12000.0,36000.0,0.5,0.4722070705971529,False
4815,BEN-004815,6,8666.666666666666,5000.0,52000.0,1.7333333333333332,0.5477124007763146,False
4816,BEN-004816,5,7800.0,25000.0,39000.0,0.312,0.4739760322069833,False
4817,BEN-004817,6,8000.0,5000.0,48000.0,1.6,0.47010411436696675,False
4818,BEN-004818,6,7000.0,5000.0,42000.0,1.4,0.446252410796028,False
4819,BEN-004819,4,6500.0,12000.0,26000.0,0.5416666666666666,0.5465231345436595,False
4822,BEN-004822,6,7750.0,15000.0,46500.0,0.5166666666666667,0.4239971786809844,False
4828,BEN-004828,5,7900.0,25000.0,39500.0,0.316,0.4801006482888235,False
4830,BEN-004830,6,6166.666666666667,8000.0,37000.0,0.7708333333333334,0.4772032725292935,False
4832,BEN-004832,6,7000.0,12000.0,42000.0,0.5833333333333334,0.40427342282283896,False
4835,BEN-004835,6,7416.666666666667,12000.0,44500.0,0.6180555555555556,0.4089725322916821,False
4837,BEN-004837,5,7700.0,25000.0,38500.0,0.308,0.47398563689033624,False
4838,BEN-004838,6,7333.333333333333,5000.0,44000.0,1.4666666666666666,0.43883584308070206,False
4842,BEN-004842,4,6625.0,5000.0,26500.0,1.325,0.574693528240904,False
4848,BEN-004848,5,7000.0,5000.0,35000.0,1.4,0.45879564436945247,False
4849,BEN-004849,5,8100.0,25000.0,40500.0,0.324,0.492682883766381,False
4850,BEN-004850,6,7916.666666666667,0.0,47500.0,7.916666666666667,0.5402768790584213,False
4853,BEN-004853,6,6833.333333333333,0.0,41000.0,6.833333333333333,0.5034621553086582,False
4854,BEN-004854,6,6916.666666666667,12000.0,41500.0,0.576388888888889,0.4079733186636438,False
4855,BEN-004855,6,7666.666666666667,15000.0,46000.0,0.5111111111111112,0.42030386002186115,False
4858,BEN-004858,6,7000.0,0.0,42000.0,7.0,0.49953199854908753,False
4860,BEN-004860,5,8000.0,20000.0,40000.0,0.4,0.46581108016345074,False
4861,BEN-004861,4,6666.666666666667,15000.0,26666.666666666668,0.4444444444444445,0.5465807271916615,False
4862,BEN-004862,6,6916.666666666667,8000.0,41500.0,0.8645833333333334,0.42374081596835644,False
4864,BEN-004864,6,7500.0,15000.0,45000.0,0.5,0.4119005142784292,False
4866,BEN-004866,6,7666.666666666667,5000.0,46000.0,1.5333333333333334,0.4500942050405896,False
4869,BEN-004869,6,7083.333333333333,0.0,42500.0,7.083333333333333,0.5032539404610213,False
4870,BEN-004870,6,7916.666666666667,8000.0,47500.0,0.9895833333333334,0.4444627500241837,False
4871,BEN-004871,6,7250.0,25000.0,43500.0,0.29,0.4431079978007452,False
4873,BEN-004873,6,7416.666666666667,5000.0,44500.0,1.4833333333333334,0.4405125013479692,False
4874,BEN-004874,6,7333.333333333333,25000.0,44000.0,0.29333333333333333,0.44446790144816445,False
4875,BEN-004875,6,5166.666666666667,0.0,31000.0,5.166666666666667,0.645856434724134,True
4876,BEN-004876,5,7500.0,25000.0,37500.0,0.3,0.4732730175251475,False
4878,BEN-004878,5,6200.0,12000.0,31000.0,0.5166666666666667,0.4778351006307038,False
4883,BEN-004883,6,6500.0,25000.0,39000.0,0.26,0.49521227721951283,False
4884,BEN-004884,6,6666.666666666667,5000.0,40000.0,1.3333333333333335,0.46343242964087694,False
4885,BEN-004885,5,7900.0,25000.0,39500.0,0.316,0.4801006482888235,False
4886,BEN-004886,6,7666.666666666667,8000.0,46000.0,0.9583333333333334,0.43070457535883455,False
4890,BEN-004890,6,7916.666666666667,8000.0,47500.0,0.9895833333333334,0.4444627500241837,False
4892,BEN-004892,6,7333.333333333333,12000.0,44000.0,0.611111111111111,0.4067260215275148,False
4893,BEN-004893,6,7166.666666666667,20000.0,43000.0,0.35833333333333334,0.42430872113656887,False
4894,BEN-004894,4,6666.666666666667,25000.0,26666.666666666668,0.26666666666666666,0.5896804334296365,False
4895,BEN-004895,6,7166.666666666667,8000.0,43000.0,0.8958333333333334,0.4180836481624833,False
4897,BEN-004897,6,8200.0,25000.0,49200.0,0.328,0.5026497942542083,False
4898,BEN-004898,6,8000.0,8000.0,48000.0,1.0,0.4500413082275428,False
4899,BEN-004899,6,8500.0,8000.0,51000.0,1.0625,0.4970159803938364,False
4900,BEN-004900,6,6166.666666666667,8000.0,37000.0,0.7708333333333334,0.4772032725292935,False
4901,BEN-004901,6,7250.0,12000.0,43500.0,0.6041666666666666,0.40348911015316136,False
4902,BEN-004902,6,7666.666666666667,20000.0,46000.0,0.38333333333333336,0.4350890415164608,False
4903,BEN-004903,6,7666.666666666667,12000.0,46000.0,0.638888888888889,0.41826353361119567,False
4904,BEN-004904,6,7250.0,12000.0,43500.0,0.6041666666666666,0.40348911015316136,False
4905,BEN-004905,6,5916.666666666667,5000.0,35500.0,1.1833333333333333,0.5219917572470416,False
4906,BEN-004906,6,7500.0,8000.0,45000.0,0.9375,0.42721708784047296,False
4907,BEN-004907,6,7300.0,8000.0,43800.0,0.9125,0.41845735769866993,False
4908,BEN-004908,5,7300.0,0.0,36500.0,7.3,0.541735628629666,False
4909,BEN-004909,6,7750.0,0.0,46500.0,7.75,0.5249553998896437,False
4911,BEN-004911,6,5800.0,25000.0,34800.0,0.232,0.5684175756853298,False
4913,BEN-004913,6,8100.0,15000.0,48600.0,0.54,0.44663400038848344,False
4915,BEN-004915,5,6100.0,0.0,30500.0,6.1,0.6097836327880365,True
4918,BEN-004918,6,5500.0,5000.0,33000.0,1.1,0.553624245589007,False
4919,BEN-004919,6,7583.333333333333,20000.0,45500.0,0.37916666666666665,0.4307346020216096,False
4920,BEN-004920,6,7333.333333333333,0.0,44000.0,7.333333333333333,0.49684475640385023,False
4922,BEN-004922,6,7833.333333333333,0.0,47000.0,7.833333333333333,0.5313981394594536,False
4923,BEN-004923,6,7416.666666666667,15000.0,44500.0,0.49444444444444446,0.4074016837132436,False
4925,BEN-004925,5,8400.0,20000.0,42000.0,0.42,0.4956113035111442,False
4926,BEN-004926,6,7666.666666666667,0.0,46000.0,7.666666666666667,0.5191328601472042,False
4927,BEN-004927,6,8666.666666666666,20000.0,52000.0,0.4333333333333333,0.5263996749431855,False
4931,BEN-004931,4,6500.0,5000.0,26000.0,1.3,0.5813218087284212,False
4934,BEN-004934,6,6200.0,5000.0,37200.0,1.24,0.5000867076299662,False
4936,BEN-004936,6,7666.666666666667,5000.0,46000.0,1.5333333333333334,0.4500942050405896,False
4937,BEN-004937,4,8250.0,12000.0,33000.0,0.6875,0.5432253810112885,False
4938,BEN-004938,6,5750.0,0.0,34500.0,5.75,0.6099722820995355,True
4939,BEN-004939,5,6800.0,20000.0,34000.0,0.34,0.4570943282027545,False
4941,BEN-004941,5,8100.0,15000.0,40500.0,0.54,0.4553621261733621,False
4942,BEN-004942,6,6500.0,0.0,39000.0,6.5,0.5280884576797203,False
4943,BEN-004943,4,7250.0,25000.0,29000.0,0.29,0.5694930224707393,False
4946,BEN-004946,6,8000.0,20000.0,48000.0,0.4,0.4530384065307242,False
4947,BEN-004947,5,6600.0,8000.0,33000.0,0.825,0.45402979708631297,False
4952,BEN-004952,4,6875.0,8000.0,27500.0,0.859375,0.5365494410766829,False
4954,BEN-004954,5,8800.0,0.0,44000.0,8.8,0.6522701107652774,True
4955,BEN-004955,5,8000.0,15000.0,40000.0,0.5333333333333333,0.4474495353499918,False
4956,BEN-004956,6,8166.666666666667,12000.0,49000.0,0.6805555555555556,0.45185329680144437,False
4959,BEN-004959,6,7500.0,8000.0,45000.0,0.9375,0.42721708784047296,False
4960,BEN-004960,6,6666.666666666667,0.0,40000.0,6.666666666666667,0.5165359548748999,False
4961,BEN-004961,6,7600.0,5000.0,45600.0,1.52,0.44922390683203456,False
4962,BEN-004962,5,7000.0,25000.0,35000.0,0.28,0.4735747231491086,False
4963,BEN-004963,5,7600.0,20000.0,38000.0,0.38,0.45458275975764084,False
4964,BEN-004964,5,6500.0,0.0,32500.0,6.5,0.5732354661150855,False
4965,BEN-004965,6,7250.0,25000.0,43500.0,0.29,0.4431079978007452,False
4966,BEN-004966,6,7666.666666666667,20000.0,46000.0,0.38333333333333336,0.4350890415164608,False
4968,BEN-004968,5,8200.0,25000.0,41000.0,0.328,0.49788388738388234,False
4969,BEN-004969,6,6000.0,8000.0,36000.0,0.75,0.4881488128459989,False
4970,BEN-004970,6,5600.0,0.0,33600.0,5.6,0.6228516476440035,True
4971,BEN-004971,6,7416.666666666667,8000.0,44500.0,0.9270833333333334,0.4221969531440606,False
4976,BEN-004976,6,8166.666666666667,8000.0,49000.0,1.0208333333333335,0.4656578156393299,False
4977,BEN-004977,6,7833.333333333333,25000.0,47000.0,0.3133333333333333,0.4689780908144831,False
4980,BEN-004980,6,8416.666666666666,25000.0,50500.0,0.33666666666666667,0.5244208363380363,False
4983,BEN-004983,6,7500.0,12000.0,45000.0,0.625,0.4111577820352351,False
4984,BEN-004984,6,7083.333333333333,25000.0,42500.0,0.2833333333333333,0.4467954538042788,False
4985,BEN-004985,4,7500.0,0.0,30000.0,7.5,0.627873820060814,True
4991,BEN-004991,6,7083.333333333333,8000.0,42500.0,0.8854166666666666,0.4196600686541553,False
4993,BEN-004993,6,7416.666666666667,5000.0,44500.0,1.4833333333333334,0.4405125013479692,False
4995,BEN-004995,6,7166.666666666667,20000.0,43000.0,0.35833333333333334,0.42430872113656887,False
4996,BEN-004996,5,7600.0,0.0,38000.0,7.6,0.5460749826577526,False
4998,BEN-004998,6,8083.333333333333,0.0,48500.0,8.083333333333332,0.5580103868633044,False
4999,BEN-004999,6,7083.333333333333,15000.0,42500.0,0.4722222222222222,0.40925197367048816,False
5000,BEN-005000,4,7375.0,25000.0,29500.0,0.295,0.5655182375960143,False
